idventa,fecha,idcliente,idusuario,tipo_comprobante,serie_comprobante,num_comprobante,impuesto,total,estado
440324,2017-04-25,161533493,5132316,Ticket de Venta,9392128,60010496,33.73,30667.3,En proceso
886789,2016-09-28,827908426,1502402,Boleta de Venta,6043652,91457537,40.77,69801.72,Cancelada
747524,2023-02-08,452401638,6895673,Ticket de Venta,2856965,67110914,7.35,24363.43,Reembolsada
718855,2018-01-16,516310396,3812010,Nota de Débito,5607430,75182086,92.66,39454.25,Cancelada
882698,2023-06-27,976254212,5491956,Nota de Débito,8556551,67856392,57.23,61716.32,Cancelada
378890,2016-12-27,143869143,7377124,Recibo,5117960,25702409,41.38,82484.13,En proceso
741387,2020-04-21,335015938,3799897,Factura,2805768,84658186,13.1,27886.11,Pendiente
837642,2020-06-19,956801064,5506398,Nota de Crédito,3463175,91756556,38.81,74614.81,Cancelada
772111,2019-08-21,475790643,8124808,Boleta de Venta,2994197,75370512,26.39,24372.48,Completada
718864,2017-03-09,856550795,2790077,Factura,9760790,69685266,20.62,70404.11,Cancelada
593937,2015-06-14,955196919,6366513,Ticket de Venta,1034269,79214611,5.72,40412.01,En proceso
632849,2022-07-12,201241379,9283774,Factura,1673245,60358675,99.94,16499.25,Reembolsada
616468,2017-03-07,130074073,8271218,Recibo,3297311,53448727,45.27,56827.45,En proceso
532502,2022-12-17,195887415,7226441,Recibo,6479909,76484633,81.82,22606.85,En proceso
792602,2022-11-11,376021259,2119416,Nota de Crédito,1822762,28473372,0.63,23556.25,Completada
741402,2019-07-24,352398782,5083053,Recibo,3440682,32913439,38.51,53315.2,Reembolsada
202783,2017-05-08,182032674,6752967,Factura,8919084,82827296,20.96,68580.67,Reembolsada
780319,2016-10-11,974623026,7315694,Recibo,3827757,97994785,92.32,55265.83,Completada
141345,2022-06-01,452525127,3669311,Boleta de Venta,9824301,64503841,19.22,8907.39,En proceso
489509,2019-03-24,398335935,1061573,Recibo,1693739,21375013,48.04,31816.45,Reembolsada
524325,2023-03-27,161012329,5433186,Ticket de Venta,8593456,16767014,63.21,12230.93,Pendiente
251943,2018-03-16,864516329,9931267,Recibo,8548403,35158056,81.51,45009.48,Pendiente
964645,2022-04-19,518995237,3091626,Nota de Débito,1030195,90095656,46.17,31423.55,En proceso
778280,2020-08-20,554476095,5114369,Nota de Crédito,3758133,24860714,40.07,39471.14,Cancelada
348212,2018-05-26,247449453,8716121,Factura,9515062,87466026,97.25,26753.53,Pendiente
596022,2020-11-07,978702440,8601753,Ticket de Venta,9785395,93290538,14.22,19461.18,Reembolsada
454711,2023-03-11,406072645,5583142,Recibo,1921080,32057390,84.97,58917.13,En proceso
743482,2021-10-26,852929941,3664118,Boleta de Venta,6449208,38932528,90.27,66043.95,Pendiente
727102,2023-10-11,759461398,2631805,Recibo,6617146,42909745,43.52,57373.63,Cancelada
827455,2022-05-30,800317131,4244351,Boleta de Venta,2850876,29497397,24.52,70788.89,Pendiente
657472,2021-12-20,469050252,1010196,Ticket de Venta,8255552,41875512,48.42,2718.11,En proceso
847935,2015-07-24,298010123,4597704,Boleta de Venta,2461762,77987900,99.14,21694.61,Completada
976961,2017-10-26,242000423,8942721,Nota de Débito,1148997,95582272,17.14,17916.71,Reembolsada
718915,2022-03-08,696302761,2708791,Ticket de Venta,7950409,93530176,36.22,369.7,Pendiente
772163,2017-07-30,154175819,3193599,Factura,3045450,32434241,37.57,77403.21,Reembolsada
196677,2021-04-19,551068546,7716679,Ticket de Venta,4655179,97491011,44.56,5260.66,Reembolsada
307269,2020-01-13,202488745,9587989,Recibo,6078541,85620804,80.46,33317.75,Reembolsada
385095,2017-12-13,364761408,3501070,Nota de Débito,4716628,78514245,97.68,74468.45,Completada
352328,2022-07-29,378499145,9212533,Ticket de Venta,3727447,71671880,77.15,61769.9,Reembolsada
782412,2016-05-26,153565426,7786541,Factura,7393368,87177289,15.03,75109.53,Completada
706637,2017-10-25,768635823,2121717,Nota de Crédito,3555421,44779597,52.32,773.43,Completada
632910,2016-08-02,600057542,7748708,Nota de Débito,2971742,53323854,13.0,42353.56,Completada
432207,2023-03-08,472307203,6200127,Nota de Débito,5744734,76283986,15.93,52395.71,Reembolsada
655439,2016-05-26,354249330,8195947,Boleta de Venta,9293920,25462866,94.99,63976.55,Reembolsada
569424,2019-01-21,664109094,9443167,Nota de Crédito,4679779,19785813,64.87,14467.54,Completada
192595,2018-04-04,366028950,2406691,Nota de Débito,8333412,85002329,46.56,29141.63,Pendiente
806997,2016-03-14,696035564,6367235,Factura,2820201,74129499,0.27,48080.09,Completada
292954,2017-08-16,844346321,8058553,Nota de Crédito,1570923,94515292,57.94,73212.9,Pendiente
647259,2019-10-28,181822166,6679309,Nota de Débito,5369964,50393182,20.0,47720.37,Pendiente
112732,2016-12-26,982148328,8906399,Nota de Crédito,7184492,28481633,65.46,17200.15,Cancelada
329822,2019-05-11,119936177,5415346,Nota de Débito,6017132,48529507,10.23,23095.08,Completada
180321,2016-03-20,862496499,5562169,Factura,1237103,55345253,14.95,64810.36,En proceso
233572,2021-10-12,709688924,5425396,Boleta de Venta,3162224,84580458,54.58,11351.96,Cancelada
319590,2018-06-26,354665650,9065474,Factura,8220785,52228204,32.0,64793.91,Pendiente
720999,2023-01-06,989906402,1229268,Nota de Crédito,8951922,75741298,34.58,61065.99,En proceso
372839,2017-01-03,554476095,8123044,Ticket de Venta,8269942,88950905,22.22,29165.92,Cancelada
245866,2022-12-11,506471312,1524096,Recibo,4049014,93397115,74.08,7343.5,Pendiente
360555,2023-02-11,492278200,8898009,Ticket de Venta,4987012,99819643,54.55,86382.45,Pendiente
180332,2022-07-20,749447639,1214471,Ticket de Venta,3084421,37681278,49.12,37231.41,Reembolsada
462962,2017-01-22,247449453,5840985,Nota de Crédito,1403014,82348159,51.3,65129.66,Pendiente
745586,2023-01-29,517261804,3759167,Nota de Crédito,4438151,92272766,71.26,92689.41,Cancelada
610423,2019-05-08,646228329,3799897,Nota de Débito,8982663,73547908,37.71,59094.78,Cancelada
598135,2023-07-08,868194030,1768070,Boleta de Venta,6295689,72157318,43.53,32562.39,Reembolsada
286841,2021-07-22,313921084,2965889,Boleta de Venta,3647623,25868424,62.65,77808.35,En proceso
260218,2023-07-18,392116693,6050239,Factura,5875852,36235401,34.38,55458.34,Cancelada
225399,2020-08-01,823516543,1433692,Nota de Débito,7282828,15097996,62.77,30451.09,Cancelada
415870,2021-06-13,507351951,3035239,Boleta de Venta,7041166,87763088,21.21,93779.26,En proceso
221313,2021-01-05,523508433,7083973,Boleta de Venta,9179282,52396179,5.85,25539.36,Reembolsada
587907,2021-08-19,256648267,8058553,Nota de Débito,1171603,14807189,28.01,45796.75,Pendiente
393350,2022-07-10,126040603,1468674,Ticket de Venta,4235411,73703574,82.1,36655.15,En proceso
805003,2020-06-28,799361744,1837300,Boleta de Venta,9222293,40882333,91.1,98778.25,Pendiente
737420,2022-11-30,507206586,9095331,Boleta de Venta,2349206,11229341,3.78,43683.02,Reembolsada
542860,2021-12-17,219354035,1052942,Nota de Crédito,7323799,45512863,96.26,14431.25,Cancelada
116880,2021-10-11,143869143,1563566,Boleta de Venta,8269974,83871902,30.41,55262.96,En proceso
321681,2016-08-29,873711281,3235370,Nota de Débito,8986781,53321889,11.93,55700.13,Pendiente
399506,2015-06-02,261141450,8152739,Ticket de Venta,2578596,78911653,46.91,42004.04,Pendiente
612498,2017-03-24,802144778,1788721,Nota de Débito,8089768,11587749,6.03,37879.68,Pendiente
942227,2020-11-17,802997216,8229618,Nota de Débito,8087723,81543333,60.98,10167.03,En proceso
516245,2020-07-20,555454677,6890623,Recibo,5724331,89100456,41.54,12409.29,Completada
718997,2022-09-12,844844576,3014689,Boleta de Venta,9676973,87113893,91.09,50285.7,En proceso
229525,2015-12-31,415570333,1928864,Boleta de Venta,8120494,25917607,50.2,93867.23,Pendiente
628889,2022-11-14,437782989,4678221,Nota de Crédito,9547951,23750827,76.46,41625.37,Cancelada
338074,2020-12-10,721058994,4305756,Ticket de Venta,8802486,63778988,91.4,65855.61,En proceso
288923,2021-12-22,126040603,4342219,Factura,4303033,86978732,44.34,46698.43,Cancelada
909468,2017-10-13,912672762,8159721,Boleta de Venta,8634553,12875950,16.26,19124.71,Pendiente
473251,2017-05-02,590820576,8124808,Nota de Débito,4755643,43745454,87.01,98680.07,Cancelada
805030,2018-10-28,607321773,4047150,Recibo,6328507,36206761,51.26,51061.8,Pendiente
315561,2016-12-17,493296269,6545538,Ticket de Venta,2760890,47927474,28.08,6736.91,Cancelada
915636,2023-02-06,832091458,6463117,Ticket de Venta,7028925,94519474,28.69,24590.39,Reembolsada
112822,2023-03-18,577364530,2465957,Recibo,6461632,59883701,82.42,61744.93,Completada
422070,2021-03-17,767917844,7111565,Factura,6062274,42139830,46.92,41472.85,Reembolsada
776378,2022-08-19,721934831,8846468,Ticket de Venta,8386756,76658870,91.3,33253.87,Reembolsada
131258,2020-11-19,817429826,1424113,Nota de Crédito,4886724,42768568,62.07,27127.12,Cancelada
661695,2016-10-30,793885225,8529943,Nota de Débito,4106437,36991161,59.04,6884.94,Cancelada
493760,2017-08-09,477002894,4503304,Nota de Crédito,5519559,39233722,13.39,88594.84,Cancelada
960704,2016-01-20,153565426,2369756,Ticket de Venta,8392907,82806969,29.01,9261.33,Completada
270529,2019-07-12,329944936,5053705,Boleta de Venta,5298379,39944386,81.61,5327.76,Pendiente
235717,2016-06-12,438644442,6017611,Nota de Crédito,4374737,65665219,93.21,9757.95,Cancelada
207047,2022-04-10,344248563,9797615,Boleta de Venta,7985361,27406532,33.3,20897.74,Pendiente
192721,2020-12-14,258629559,3201850,Nota de Crédito,6576337,94372038,10.03,50828.78,En proceso
549073,2015-06-18,778781465,8123044,Ticket de Venta,3084501,86223047,38.49,54096.43,Reembolsada
661718,2022-01-24,862197886,9283774,Ticket de Venta,2734298,29526218,41.93,79951.76,Reembolsada
966871,2021-01-28,829868944,7434723,Boleta de Venta,3616988,74070220,66.93,5654.28,Completada
475353,2019-06-07,354924879,5472688,Boleta de Venta,3981533,35141837,6.9,31310.96,Completada
880861,2015-01-21,479450931,9240267,Ticket de Venta,7583966,32020689,99.39,65853.06,Completada
159971,2018-04-15,814444807,9257110,Ticket de Venta,4808933,54624466,92.7,2546.01,En proceso
436451,2019-05-02,185078515,7275676,Ticket de Venta,9124070,79730903,57.74,96242.8,Reembolsada
301285,2019-07-17,142088575,8319401,Boleta de Venta,2119909,95949018,53.4,90348.36,Reembolsada
235750,2019-05-26,321143837,9284439,Recibo,6164714,63871194,59.47,36828.42,Reembolsada
878824,2018-04-11,362693146,1926580,Nota de Débito,6162668,60803293,79.54,38794.33,Completada
280811,2018-06-30,752688286,5601182,Factura,1454318,99309790,6.03,3054.55,Pendiente
614639,2022-12-13,996256405,2708791,Nota de Crédito,8071411,82440420,49.22,77126.42,Pendiente
768241,2023-07-21,321143837,9467202,Ticket de Venta,6924532,87337188,36.31,3273.11,Pendiente
913650,2021-03-15,289313562,2793069,Nota de Débito,2584823,40620261,43.92,59734.75,Reembolsada
889075,2020-07-25,464624988,7992861,Nota de Crédito,3649788,87029994,69.24,40749.1,Completada
372978,2017-01-31,444735508,3996882,Ticket de Venta,5601539,28117230,87.6,84771.88,Completada
618739,2016-12-19,296399892,8854861,Factura,2679045,80904430,83.37,19808.73,Completada
594170,2021-12-28,410462197,3982101,Boleta de Venta,6514950,32041200,53.19,95606.75,Pendiente
930046,2016-03-29,616150285,2161111,Factura,6508807,12157168,84.52,19294.67,Reembolsada
602367,2023-04-10,421941189,4230157,Nota de Débito,7469320,69357810,63.75,62618.21,Reembolsada
133375,2017-01-27,439098561,1171749,Ticket de Venta,5808402,53735667,86.0,24247.46,Cancelada
971009,2017-02-21,236787107,4429418,Factura,7319839,24500471,15.05,97152.45,Completada
141569,2018-08-17,487163830,7187850,Recibo,4890912,52818168,21.87,88540.65,Cancelada
966914,2017-12-17,790019740,4268370,Factura,5548321,31918329,31.76,88829.41,Reembolsada
497924,2020-08-04,912677949,1336922,Recibo,2498855,50395387,41.43,74290.11,Cancelada
559366,2018-03-31,146300547,8331221,Boleta de Venta,9832745,73496828,59.03,43461.32,Reembolsada
227591,2021-02-09,901398809,5425396,Nota de Débito,4286766,78733564,50.44,57345.88,Completada
344327,2015-03-12,997898136,9797615,Nota de Débito,2054448,35627263,14.01,1296.3,Reembolsada
424201,2019-06-14,662019432,5848174,Ticket de Venta,6304051,51896576,99.54,1956.25,Cancelada
569610,2017-06-29,479551348,3235370,Factura,9124148,95920384,25.49,10145.45,En proceso
973064,2023-04-02,180549966,3302565,Boleta de Venta,1128758,50868483,92.82,64351.32,En proceso
346380,2023-05-21,561497164,6133642,Factura,5847352,43348228,66.53,79406.24,Completada
356621,2019-08-07,507815596,4244351,Factura,4778296,93262087,3.97,32644.11,Cancelada
141583,2015-10-04,984951024,8537915,Boleta de Venta,6766907,30845193,58.94,76479.21,En proceso
168213,2022-01-29,219094844,6223573,Nota de Crédito,2937149,53039370,20.17,50153.11,En proceso
301333,2015-07-27,398335935,4135370,Nota de Crédito,6310207,13715723,57.58,87210.67,En proceso
661784,2022-12-23,386844786,3646142,Factura,4776255,36325642,61.78,36703.33,En proceso
430361,2020-04-30,447481266,2765674,Factura,9468225,25917709,31.76,23094.75,Pendiente
612633,2022-08-15,195887415,7992861,Nota de Crédito,9175363,57168144,98.37,59574.4,Completada
522522,2021-10-08,774976232,1076956,Nota de Débito,8161605,27001106,35.2,18578.11,Pendiente
573724,2022-12-19,481944192,1864313,Boleta de Venta,1796424,38519059,69.33,68293.75,En proceso
114972,2015-02-08,978702440,6909258,Nota de Crédito,6705482,88451347,65.86,28250.6,Completada
239899,2018-11-12,358492151,9307158,Nota de Crédito,9197898,85559571,23.58,38824.33,Pendiente
379167,2019-08-16,443299113,7083973,Nota de Crédito,9406797,40261908,41.58,71925.63,Completada
295200,2019-09-16,454971305,3444444,Nota de Crédito,2191694,38127900,27.55,49970.62,En proceso
452894,2018-05-22,330293552,2165568,Recibo,8278355,63439133,97.91,73018.38,Cancelada
194852,2023-11-29,258629559,2892318,Recibo,9724247,19996960,26.17,93662.88,Reembolsada
659748,2019-01-12,313921084,1899656,Ticket de Venta,3733847,64442661,30.55,96976.86,Cancelada
745766,2020-07-10,761786867,7922877,Boleta de Venta,3594586,86708517,38.91,38474.83,Completada
221478,2021-04-18,225935583,5826506,Nota de Crédito,2869595,82059560,50.98,73456.72,Cancelada
829735,2023-07-24,598769544,4426407,Ticket de Venta,2111836,78197032,4.66,32454.54,Completada
608558,2020-07-10,481437936,9941152,Nota de Crédito,2142560,98294058,50.75,1943.01,Reembolsada
909616,2018-07-19,718404333,6971777,Factura,7039328,35889451,59.21,78528.4,Cancelada
964916,2020-07-07,910316973,3730016,Recibo,3254632,24154410,68.28,11918.52,Completada
629045,2019-08-01,729807478,7429915,Boleta de Venta,5826921,94662955,49.76,6865.03,Cancelada
657718,2018-02-26,362374431,7137541,Nota de Crédito,9183594,18028841,57.3,29275.85,Completada
143671,2016-05-23,452036148,8983233,Nota de Crédito,2171246,21553455,6.59,29393.27,Reembolsada
155960,2017-03-24,976254212,6837616,Factura,8702321,77310255,0.25,59242.33,Pendiente
946495,2022-09-30,761786867,6808675,Boleta de Venta,3404147,73365807,94.48,59148.59,Reembolsada
305472,2021-10-25,940593735,1328696,Factura,2736506,19951920,52.82,69852.85,Cancelada
835911,2015-09-28,312840659,2171407,Factura,4215168,68925749,17.03,2017.77,Cancelada
928073,2019-12-05,513809357,9100371,Factura,8262017,88711478,7.69,80020.0,Cancelada
614731,2022-04-02,870717873,5952638,Recibo,3963267,11872565,33.66,40588.49,Cancelada
850255,2018-10-02,622460090,7434723,Ticket de Venta,6160771,29194552,85.06,48835.57,En proceso
524624,2020-10-04,619120674,9610621,Recibo,4229507,17178937,38.83,71635.94,Cancelada
577873,2021-05-24,726325466,4724644,Boleta de Venta,8849804,42277178,62.14,54481.16,Completada
233810,2016-12-26,819698268,5934772,Nota de Crédito,5372300,80433469,93.95,90758.28,Reembolsada
667987,2017-12-08,704823611,3380099,Boleta de Venta,7674254,64739647,71.84,64462.06,Cancelada
598357,2020-02-25,482213613,8563750,Nota de Crédito,2042255,25712960,85.79,18226.87,Completada
567638,2019-02-10,463894810,5462866,Boleta de Venta,2937232,80013631,17.91,10514.37,Completada
233820,2021-05-31,799848098,3862555,Boleta de Venta,4632980,27578687,55.73,23466.71,Pendiente
225628,2023-01-13,645100298,4223781,Boleta de Venta,1907092,72544584,20.07,6273.93,En proceso
231774,2017-07-26,409937506,5553768,Ticket de Venta,9173398,12951880,82.16,15097.91,En proceso
190815,2020-02-24,818507711,5844282,Ticket de Venta,6177176,88486219,54.35,42234.47,En proceso
319841,2023-11-03,955285498,9143312,Ticket de Venta,8685977,42225995,1.79,44564.32,Pendiente
788836,2018-11-22,778064069,3122957,Boleta de Venta,3615130,53666128,85.19,1190.3,En proceso
530788,2019-07-25,186930143,9941152,Factura,8227227,64221520,1.16,21709.89,En proceso
194917,2020-03-20,153565426,5151655,Boleta de Venta,8257948,14704976,58.68,70385.7,Completada
465256,2021-01-10,992754061,6207852,Ticket de Venta,9564572,94169426,48.03,1692.73,Reembolsada
823659,2020-05-28,452525127,7421617,Nota de Crédito,5423517,66074968,79.78,48067.63,Cancelada
498028,2016-03-21,154175819,5769396,Nota de Débito,7381405,79417690,2.59,14819.27,Completada
995695,2017-04-21,358799936,5348914,Nota de Crédito,6455712,13936986,87.21,37448.57,Completada
244084,2023-07-17,289313562,5562774,Factura,5366175,71145821,4.8,62029.54,Cancelada
573813,2018-01-24,490708968,2643088,Nota de Crédito,6023587,17971550,98.41,70012.67,Pendiente
457076,2021-07-29,358799936,1052942,Nota de Crédito,1085863,60406116,17.05,48304.17,Cancelada
246139,2023-07-14,386844786,9952418,Nota de Crédito,8382891,37570918,58.6,56505.27,Cancelada
223614,2020-10-13,586242921,9711173,Nota de Crédito,6674860,13439335,93.6,96439.38,Completada
883073,2022-06-29,980855357,6808675,Factura,6797741,98484582,12.27,74092.7,Pendiente
459138,2016-03-04,303848055,9711173,Nota de Crédito,6304181,36919657,57.41,59297.28,En proceso
616837,2017-02-28,326138001,2232561,Ticket de Venta,3662262,56540136,0.75,30481.51,Pendiente
565637,2021-11-06,627062271,2476462,Boleta de Venta,9077175,19450221,28.97,34557.7,Pendiente
825736,2019-07-17,349822092,3886860,Boleta de Venta,9052598,10662254,86.62,17709.85,Reembolsada
467337,2023-05-03,614416411,9532243,Factura,6304183,26251631,42.05,40764.11,Pendiente
340362,2017-11-25,371462018,6841537,Nota de Débito,5024186,91505008,6.17,88236.51,Pendiente
588170,2017-05-06,554476095,5132316,Factura,7469499,34603377,76.74,56944.59,Reembolsada
948623,2018-01-19,381554218,6909258,Factura,9261493,36903282,98.69,23968.34,Completada
483727,2015-07-21,468582428,1072181,Ticket de Venta,4301251,96807283,33.37,35088.44,En proceso
158100,2018-02-16,757053393,1455094,Nota de Crédito,1038788,33864045,98.1,50551.31,Pendiente
659862,2020-11-26,120026654,7194466,Nota de Débito,3914182,36749688,89.0,57706.18,Pendiente
989591,2015-04-21,219094844,6103144,Ticket de Venta,2920902,70087032,82.68,76353.31,Cancelada
895392,2022-09-15,424238940,6966876,Nota de Débito,3680712,45207931,83.89,42446.65,Cancelada
917920,2023-01-30,892971660,9610621,Factura,9441736,32514430,83.27,23261.87,Cancelada
426404,2016-08-18,646228329,7203628,Nota de Débito,2353610,60762496,96.63,12788.71,Reembolsada
186792,2016-10-31,696667770,1864849,Factura,9421262,57092485,62.05,94186.16,Cancelada
682411,2016-02-17,392116693,2236377,Factura,5063120,10021254,74.34,41950.34,Reembolsada
965041,2018-10-11,954941216,3842665,Boleta de Venta,8036816,84740487,8.67,11470.13,Pendiente
948658,2019-12-18,727342949,2679870,Recibo,4547031,38238600,10.19,69949.17,En proceso
270772,2023-10-03,858051940,4429418,Factura,7905754,82049417,58.74,64306.86,Cancelada
739764,2023-09-13,365330813,8621908,Ticket de Venta,1122784,83167628,44.97,21464.01,Reembolsada
872890,2023-05-15,926855196,1475447,Ticket de Venta,1397219,25395601,79.98,14285.06,Completada
299451,2018-03-30,281659527,4461017,Boleta de Venta,7872997,19906961,99.0,33569.6,En proceso
709050,2023-03-28,464624988,7081720,Recibo,4964838,90118546,30.78,7153.72,Pendiente
977341,2017-03-13,481437936,1524096,Recibo,6318568,77005210,8.25,82108.21,Cancelada
125373,2020-12-18,693148811,9151969,Factura,7027177,33075614,79.63,55682.51,En proceso
520638,2020-01-01,432776420,4564847,Factura,1708521,68710815,97.13,23101.44,Completada
704960,2020-03-20,333085900,6360233,Nota de Crédito,1276397,93637025,23.33,86908.93,Pendiente
164291,2015-05-07,830643840,9730044,Nota de Débito,1489391,90638755,87.98,41626.2,Reembolsada
876996,2016-06-29,193973270,4991077,Factura,7897584,78504357,45.83,79857.33,En proceso
188869,2017-03-17,866922317,8614267,Ticket de Venta,1294832,41636264,18.7,34657.77,En proceso
113097,2017-06-09,497838736,5281285,Nota de Débito,4944367,25115049,72.36,76714.35,Pendiente
291273,2023-12-25,817147784,9280248,Factura,3119603,27759017,76.6,8548.98,Reembolsada
588242,2020-01-15,435991455,7748708,Recibo,2546167,93657515,52.0,94651.73,En proceso
141783,2016-07-17,447481266,6143384,Factura,2730489,65073580,50.68,88021.11,Pendiente
973275,2016-12-15,495910963,7219797,Nota de Débito,9204226,21033390,72.86,97820.06,Reembolsada
752093,2015-01-12,448829272,4686548,Ticket de Venta,1825287,30507443,51.34,71288.68,Completada
868836,2021-06-13,847317076,9633892,Boleta de Venta,1686025,57545141,16.12,32657.6,En proceso
418279,2019-02-22,372632339,8723271,Recibo,8454670,90145207,84.28,3813.56,Completada
676329,2019-03-30,787503502,4342219,Nota de Débito,5448208,72368570,77.32,57587.94,Pendiente
754155,2015-04-27,586242921,2402298,Recibo,4491794,56586683,57.78,62919.47,En proceso
532975,2016-10-03,904806643,5228829,Factura,6986259,28103099,14.64,80032.45,Cancelada
143856,2019-11-25,622460090,7679791,Nota de Crédito,3144212,26915261,45.73,29392.12,Cancelada
166390,2023-06-08,386844786,2589255,Factura,2212371,39879102,92.24,90568.78,Completada
152055,2019-02-16,912097206,3705198,Recibo,6541846,52871617,88.85,65272.42,Cancelada
340471,2015-01-02,558765628,3974213,Recibo,2959894,97380802,31.34,45867.53,Pendiente
379387,2020-09-07,242000423,1400792,Recibo,5302808,80748993,19.9,67384.78,Pendiente
913916,2022-09-18,671306726,7298873,Boleta de Venta,7383576,24603082,53.9,31190.43,Pendiente
489984,2019-11-19,454231857,7922877,Recibo,8602130,17648079,45.05,55470.01,Pendiente
254467,2020-11-28,983626120,3915073,Boleta de Venta,3684891,98294229,39.15,94847.54,Completada
526854,2020-12-16,926596094,7876025,Factura,9370139,84269526,77.52,17047.7,En proceso
154119,2016-08-15,819698268,8621908,Boleta de Venta,1886749,38406615,32.37,85231.18,Reembolsada
395784,2021-01-01,819698268,5536312,Nota de Débito,9148958,62489050,48.33,30712.68,Completada
584202,2021-12-17,632821653,4443697,Nota de Crédito,4663836,30869980,96.17,21587.5,Completada
725517,2023-03-11,501923066,7507259,Nota de Crédito,5483041,72733149,15.9,4981.93,Cancelada
326158,2017-01-31,858051940,2110033,Factura,7918116,77291997,82.25,3362.21,Pendiente
848401,2020-12-05,811468559,9587989,Ticket de Venta,9767462,24873439,98.99,58913.93,Completada
754193,2022-01-06,757053393,1673443,Factura,8430119,35060194,56.26,80364.3,Cancelada
260631,2017-06-03,316402726,3941607,Nota de Crédito,1610280,34746851,48.79,776.92,Cancelada
703001,2019-08-05,949917961,3483807,Factura,3662380,79137252,50.5,10632.16,Cancelada
598557,2018-07-17,199849439,5536312,Nota de Débito,4352558,40020452,38.17,60452.04,Reembolsada
573985,2022-07-12,788433625,6473629,Nota de Débito,4885039,51665382,98.31,35409.98,Reembolsada
705058,2021-03-08,516452196,8412894,Nota de Crédito,7911984,67633638,33.28,9673.44,Pendiente
881187,2021-03-11,894781245,2059357,Factura,5663282,41593321,46.73,90070.4,Pendiente
729636,2023-02-26,395827607,7187850,Nota de Crédito,5268027,31066602,11.37,91248.85,Reembolsada
141861,2019-12-21,728805472,5379962,Ticket de Venta,6099518,41736687,41.91,75101.09,Cancelada
625190,2019-04-03,337981912,8734521,Boleta de Venta,2216511,70621680,62.17,17853.03,En proceso
586275,2018-12-09,301120654,5605396,Nota de Crédito,8532543,88287729,2.15,14636.48,Completada
854568,2020-11-29,138539065,8579609,Boleta de Venta,8739393,87257586,8.64,38236.12,Pendiente
629283,2023-03-17,895566932,2540298,Nota de Crédito,6009415,34068979,36.28,73513.94,Cancelada
152105,2019-07-05,132734263,5848174,Recibo,6214219,21402098,11.22,80591.3,Completada
111147,2020-07-31,225935583,8626911,Boleta de Venta,8358477,77261299,12.92,46240.52,Cancelada
178732,2017-10-22,458403069,4268370,Nota de Débito,5831246,86858223,92.56,44471.31,En proceso
535085,2015-03-21,650669782,7838598,Recibo,3502671,27470327,84.93,59719.01,Reembolsada
279083,2015-05-11,596704892,2766425,Boleta de Venta,2142800,42207736,42.7,70631.26,Reembolsada
162351,2020-08-04,497949050,4564847,Ticket de Venta,5423699,70076916,70.6,32907.98,Completada
113196,2020-12-21,462582383,7876025,Recibo,3107412,50264570,92.74,64824.34,Completada
580147,2018-07-07,728551076,9413063,Ticket de Venta,5171797,70806013,73.7,39597.27,Pendiente
891446,2019-01-21,415570333,4904794,Ticket de Venta,2114134,76184064,92.3,59017.78,Pendiente
719414,2021-04-17,654294226,3915073,Boleta de Venta,2046551,61878785,82.31,69855.2,Completada
447030,2020-08-10,354138722,5954046,Recibo,4188760,85496322,81.62,87096.21,En proceso
436792,2015-01-31,621404461,9299041,Factura,7383642,54780417,83.28,34900.95,En proceso
522815,2019-02-18,594566513,5972203,Nota de Débito,5857885,57481733,40.26,63051.05,Pendiente
881216,2019-01-22,270940911,4952163,Recibo,1540702,11147784,35.86,13479.21,En proceso
318020,2021-06-07,910316973,3668798,Boleta de Venta,4504159,56388104,66.4,11050.39,Reembolsada
688709,2019-12-25,586729191,8453659,Ticket de Venta,7948896,73077258,18.77,53928.97,Reembolsada
272965,2021-04-17,129937895,9855344,Ticket de Venta,8407649,25201161,79.84,88241.01,Cancelada
870983,2022-10-04,512253837,8362283,Factura,5431906,90915340,46.73,71163.03,Cancelada
483911,2017-06-01,645100298,1375341,Nota de Débito,7027299,72716808,86.09,94393.81,Reembolsada
561739,2017-11-15,949438647,4460704,Recibo,6279778,76061195,98.45,90928.0,Reembolsada
229965,2017-07-01,189871756,1942178,Recibo,5231206,93843983,27.77,24687.24,Pendiente
762448,2021-04-30,180549966,4151665,Factura,6079078,36993553,76.64,45802.79,En proceso
203345,2019-07-16,682520008,3982101,Recibo,1036903,49363474,28.41,29692.49,Reembolsada
488016,2019-04-18,970538491,6419571,Boleta de Venta,1942121,73798166,99.11,52246.57,Completada
393814,2022-07-04,508751950,5783263,Recibo,4131433,45744663,15.82,76374.31,Cancelada
500312,2023-02-02,102802836,8942793,Factura,3115628,27189787,1.22,67719.99,Reembolsada
897626,2018-05-30,407626004,9323668,Nota de Débito,2110061,91861537,44.62,66763.49,Cancelada
877147,2017-05-18,392755335,5558309,Nota de Débito,6290029,62894625,52.52,39022.08,Cancelada
369243,2015-01-01,516452196,5527977,Nota de Crédito,3752558,97937954,76.06,92151.28,Cancelada
561757,2019-04-11,159676580,8168430,Recibo,8483440,73962023,74.06,95114.15,Cancelada
184926,2019-09-17,389494316,3561818,Nota de Débito,7654001,80202280,0.27,1213.18,Reembolsada
989791,2018-01-20,622828704,7194466,Ticket de Venta,9749105,95846953,18.63,94157.68,En proceso
623194,2017-03-23,667441309,2329960,Ticket de Venta,8335987,86641193,80.14,22578.42,Pendiente
547425,2023-01-04,932138711,9502694,Ticket de Venta,4821621,58427947,85.02,29312.17,Cancelada
348770,2016-01-29,174824585,4748675,Nota de Crédito,8260214,66740786,82.65,30288.73,Completada
651877,2018-08-03,409112990,6375018,Nota de Crédito,8307318,40135218,16.42,55524.29,Reembolsada
393835,2023-10-21,161533493,1589344,Factura,6384247,27800116,22.33,91303.38,Cancelada
221804,2015-03-13,482213613,5131856,Nota de Débito,6677115,42312245,21.66,68934.38,En proceso
643692,2017-01-08,399652011,8846468,Nota de Débito,3142272,99525176,26.21,47175.97,Pendiente
445038,2015-09-04,219094844,2768175,Ticket de Venta,5950080,74123834,94.54,45508.95,Reembolsada
461421,2017-11-03,654371175,8024979,Factura,6740611,85940799,14.94,9341.99,En proceso
778865,2016-01-25,956047209,9579236,Boleta de Venta,9544324,32266815,21.29,21822.08,Cancelada
967284,2023-08-26,729893462,4843281,Ticket de Venta,2175621,41204287,88.08,62024.97,Reembolsada
275061,2015-05-19,167222057,7165064,Ticket de Venta,4719238,78398021,44.48,7834.51,Completada
316025,2017-09-01,410462197,3501070,Nota de Crédito,5855878,25436743,9.47,86229.92,Pendiente
639612,2020-11-12,674683503,3781632,Ticket de Venta,4276872,46099019,7.73,18900.64,Reembolsada
207489,2020-06-07,691031546,5769396,Recibo,9343627,24312396,46.6,65672.16,Completada
334467,2015-09-28,749447639,8779956,Boleta de Venta,6773387,99375691,16.97,5421.64,Cancelada
479875,2017-12-31,411245029,3982101,Boleta de Venta,7969422,89903694,26.14,15939.05,En proceso
557702,2015-05-13,310445562,1899656,Nota de Débito,2491025,18309714,16.83,54688.44,Completada
428678,2020-10-27,691052459,5679887,Ticket de Venta,9636499,61629011,54.81,58551.33,Pendiente
926342,2022-09-15,315220412,3115358,Factura,9824918,62237273,38.06,49042.66,Completada
674442,2019-02-21,202488745,4796046,Boleta de Venta,8495767,84175449,93.01,16791.32,En proceso
451211,2016-04-07,311020423,8331221,Boleta de Venta,6341273,41575003,29.74,14174.85,Completada
133773,2020-07-30,864516329,4175323,Recibo,3576476,78361179,0.64,71998.66,Pendiente
696977,2021-11-02,793885225,9812089,Ticket de Venta,2376351,79129181,94.97,70909.84,Reembolsada
242323,2022-03-21,540014120,7716679,Recibo,6042272,67400285,97.5,333.04,Reembolsada
414356,2018-07-07,381554218,1768070,Boleta de Venta,5462688,77525599,30.45,22739.44,En proceso
760479,2022-12-23,594566513,4901256,Nota de Débito,1329827,79037031,19.03,9039.52,Cancelada
707232,2022-06-18,668701795,9554975,Boleta de Venta,2151076,86999660,81.46,55482.64,Reembolsada
406177,2022-04-21,386844786,2509186,Boleta de Venta,6050469,20021870,72.63,94173.54,En proceso
543393,2016-01-04,656464036,3727829,Boleta de Venta,9599655,57926256,58.94,70476.78,Reembolsada
217762,2017-11-20,349628523,8319401,Nota de Crédito,1774249,72862323,3.93,43111.88,Pendiente
178848,2020-12-14,948250520,1581433,Recibo,7033513,26425973,36.49,74888.19,Cancelada
660136,2015-02-20,496633135,9744825,Nota de Crédito,5993130,37309046,78.25,83666.89,Reembolsada
502444,2023-01-04,356449153,1468674,Recibo,1442479,69868151,15.04,98415.87,En proceso
737972,2021-03-01,730708437,3919416,Factura,1747632,29579896,0.45,60578.3,Completada
977589,2016-04-07,693148811,3991307,Factura,4862642,15082105,97.83,31971.51,Pendiente
342710,2020-05-29,931084426,5031350,Ticket de Venta,7682739,41177717,98.83,12734.48,Reembolsada
993976,2020-12-17,535422294,6366513,Factura,4246198,73046650,13.43,64783.06,Cancelada
531131,2021-10-21,128994871,5052763,Factura,3599031,37153401,88.38,8036.92,Cancelada
342717,2022-09-29,482213613,4872203,Ticket de Venta,2536122,82133629,54.72,28690.0,Pendiente
553661,2017-10-01,351531621,7226441,Boleta de Venta,7557820,97905280,19.23,36390.14,Cancelada
180926,2016-01-11,343821275,5386587,Ticket de Venta,1577663,27611779,94.07,98769.65,En proceso
467646,2019-11-09,563195939,7738665,Factura,2523841,53432967,24.19,75545.83,Completada
555716,2017-09-06,600744894,6559776,Nota de Crédito,5683908,85379722,73.38,22810.74,Cancelada
697031,2019-01-12,631165446,9686886,Boleta de Venta,4735684,30407307,93.49,81299.25,Completada
283337,2020-06-11,779869766,7921182,Recibo,5216967,29606545,18.16,43330.37,Completada
531147,2023-07-22,122387463,6407515,Ticket de Venta,2986696,58034834,23.46,88959.77,Cancelada
789205,2022-11-07,790786802,2399908,Factura,2654922,16564882,50.61,62550.29,Pendiente
436950,2022-07-08,683335772,8235653,Factura,1798859,22852244,84.58,67584.03,En proceso
776919,2015-08-06,674838576,7174348,Boleta de Venta,7051983,80128662,85.87,39107.25,Reembolsada
871127,2019-07-27,175537655,7609994,Recibo,4997839,39207576,39.92,87749.85,Reembolsada
525013,2020-02-29,577364530,6223573,Ticket de Venta,6955735,92840601,34.06,89181.22,En proceso
553692,2018-05-20,709688924,1426379,Boleta de Venta,8329944,99371676,11.93,3119.35,Cancelada
846558,2022-01-04,312840659,3394197,Ticket de Venta,7971545,97526429,19.62,99370.65,Completada
244446,2018-07-08,351531621,7187850,Ticket de Venta,3918553,21045918,16.67,51764.32,Pendiente
137952,2020-08-03,303848055,2329960,Boleta de Venta,3881690,56136351,23.78,27408.43,Completada
742112,2019-12-22,742851323,3812010,Boleta de Venta,4498143,99146405,70.11,67210.84,Pendiente
189158,2016-04-25,122387463,7505728,Recibo,1004257,12024488,28.31,7244.79,Pendiente
486122,2020-12-13,148336222,1633375,Ticket de Venta,8606440,34222761,55.19,20974.22,Reembolsada
817904,2015-10-23,971823454,1755524,Factura,1823470,10713769,3.78,12850.29,En proceso
529139,2020-09-12,987491888,7196537,Ticket de Venta,1633006,60271278,28.5,66415.8,Pendiente
365302,2021-03-27,706709542,2882841,Factura,2937582,78623412,3.03,29805.01,Pendiente
717563,2023-06-28,621835316,4480390,Boleta de Venta,1944303,35242678,32.81,73817.36,Reembolsada
553725,2020-03-02,940548349,1633375,Nota de Débito,1731317,47946426,21.13,38750.89,Reembolsada
656127,2017-05-25,680278806,4701786,Nota de Crédito,9591541,92086972,13.7,76023.23,Cancelada
488191,2023-01-12,922078207,9406423,Nota de Débito,1637111,57914048,25.93,51480.63,Completada
369410,2017-08-29,646228329,9853511,Boleta de Venta,9894649,83503810,16.63,45356.43,Cancelada
695042,2021-10-29,425825526,5844282,Factura,7736057,82313922,89.4,30632.64,Reembolsada
541449,2022-11-26,354665650,9380939,Ticket de Venta,3869438,82528965,5.03,79000.98,Reembolsada
660234,2018-11-09,325356360,8826415,Ticket de Venta,8178431,61936327,71.16,37181.54,En proceso
224012,2017-09-05,219568966,6939407,Ticket de Venta,4051712,28066505,22.22,55961.19,Pendiente
695055,2019-04-19,778529619,4485922,Factura,1508096,19821259,67.31,59907.97,Cancelada
697104,2021-03-09,354128363,5660696,Ticket de Venta,8485635,45494989,8.48,58337.58,Reembolsada
946960,2023-12-03,576914837,9920851,Boleta de Venta,4172550,79858383,87.25,22538.21,Pendiente
541456,2015-12-26,278135641,3234460,Nota de Crédito,5546760,87608015,33.2,90553.28,Completada
131859,2021-10-05,406805103,1269993,Nota de Débito,2409224,83968720,47.98,64136.75,Reembolsada
475923,2021-01-01,917270476,6752967,Boleta de Venta,1553162,11438802,5.52,33689.84,Reembolsada
475925,2020-07-25,862197886,6213976,Nota de Crédito,7713864,13898452,90.01,18271.1,En proceso
242451,2021-10-12,909490295,6992283,Ticket de Venta,2706188,60125908,26.18,12437.99,En proceso
369430,2019-11-01,606499392,8453659,Boleta de Venta,9089806,76526292,82.72,54425.62,Reembolsada
146194,2016-09-26,718404333,8159721,Factura,5870353,39772887,26.44,76840.18,Completada
983831,2017-06-22,819698268,5310203,Nota de Débito,2954002,70671060,52.53,70171.11,Cancelada
928539,2021-08-25,426910563,8621908,Boleta de Venta,1047315,64602848,28.44,67194.64,Reembolsada
340767,2018-08-28,402684897,8723271,Nota de Crédito,5462805,29836003,58.43,94144.01,En proceso
832290,2023-07-29,411714897,9931267,Recibo,2777880,96807652,40.42,77171.66,Reembolsada
561954,2015-07-20,558485767,4314152,Factura,8891163,16294628,16.49,10466.53,En proceso
279332,2021-09-29,364928153,7945797,Nota de Débito,1596187,42056422,47.61,4674.04,Reembolsada
977703,2022-07-18,830854825,1106575,Boleta de Venta,7062301,46570214,71.03,76740.57,Completada
385833,2018-03-08,629000019,9610621,Recibo,1948443,34517737,98.7,81942.8,Reembolsada
617260,2017-12-26,386844786,2245767,Boleta de Venta,1116963,42019562,41.74,60697.2,Cancelada
170797,2022-06-16,922896058,4072628,Recibo,3908390,43819756,90.96,86684.6,Completada
508718,2017-11-25,549078077,1962669,Boleta de Venta,2806567,65182449,34.91,1039.99,Cancelada
674605,2020-01-16,678823656,9596471,Factura,3955496,68600562,89.08,38026.41,En proceso
467760,2018-04-30,549078077,3234460,Factura,6892331,45122294,83.85,20421.08,Cancelada
523057,2017-12-10,394381399,6778472,Nota de Débito,3971892,50690808,29.36,95299.23,Completada
285489,2023-01-02,900149703,3474146,Nota de Crédito,3535670,44413690,14.91,41160.98,Reembolsada
885549,2015-10-11,311020423,1221660,Boleta de Venta,9059127,42441468,25.79,51048.46,Cancelada
627510,2023-03-01,478950622,4426926,Nota de Crédito,9284408,94241533,96.38,65842.47,Reembolsada
420663,2020-03-31,876762252,2369756,Recibo,3777339,99185410,94.11,57554.64,Reembolsada
244539,2020-09-04,247449453,1864849,Factura,2433854,82733827,1.67,66586.5,Pendiente
992061,2016-03-11,288917079,3689190,Ticket de Venta,3132225,59775748,89.75,9317.49,Reembolsada
723776,2023-05-04,787063037,7720624,Ticket de Venta,6636355,27017990,69.21,14092.66,Cancelada
895812,2017-08-15,893004931,9438241,Recibo,6363971,27171591,63.42,1326.83,En proceso
463685,2021-03-25,563195939,5640234,Ticket de Venta,3199813,45089542,49.8,20081.83,Reembolsada
758601,2023-09-09,814389214,4105302,Ticket de Venta,4592454,83606278,77.15,46145.63,En proceso
637776,2015-10-06,812559283,6454199,Ticket de Venta,1786696,46281479,52.64,31733.48,Reembolsada
512848,2023-11-12,503588439,5844282,Ticket de Venta,7965513,42928907,2.88,94129.24,Cancelada
408400,2016-03-27,275825348,9880942,Recibo,1010505,84531980,68.26,7511.5,Pendiente
467793,2023-11-10,693148811,1114085,Boleta de Venta,2067279,24388365,88.41,9608.1,Completada
650069,2016-04-06,472307203,1962669,Ticket de Venta,9231183,12999438,24.95,29005.97,Pendiente
881496,2021-10-27,958204837,7507259,Ticket de Venta,6105937,96142104,55.19,26334.6,Completada
791387,2020-02-10,847470475,2708791,Recibo,5655375,68227864,69.43,68524.81,En proceso
818012,2017-07-17,378491745,8508367,Nota de Crédito,6214485,61149976,28.71,67738.11,Completada
828254,2019-04-04,922176297,8885257,Nota de Débito,4639575,22709019,71.9,96780.69,Pendiente
883554,2018-06-28,687710975,8534652,Ticket de Venta,4393821,38933275,87.86,30923.81,Completada
955235,2023-09-05,818755035,1633375,Factura,6169440,94653211,81.59,75404.26,Cancelada
181093,2022-09-28,103212149,3444444,Factura,9210723,39484188,55.08,99410.16,Completada
959335,2020-07-17,596556041,9931267,Factura,9411428,18514720,94.42,19471.92,Reembolsada
818025,2022-03-25,298010123,3081667,Nota de Débito,9483109,86989602,12.32,86887.68,En proceso
353132,2019-07-22,353889404,8582471,Nota de Crédito,1014630,86678306,17.3,63535.01,Reembolsada
578413,2015-05-31,455290390,8061236,Recibo,8643429,82635558,3.19,38954.65,Pendiente
346990,2021-08-12,593346142,7101747,Nota de Débito,4174701,32334634,13.74,54691.02,Pendiente
508788,2021-07-31,904257874,5422428,Factura,4152174,96172843,1.3,91716.51,Cancelada
920437,2019-04-12,580325112,5962201,Nota de Débito,4158320,30876459,82.49,69017.71,Pendiente
394103,2020-09-29,503588439,7445830,Recibo,4023153,34292525,71.43,83228.81,Reembolsada
652151,2018-06-16,725939856,5934772,Ticket de Venta,9048948,79276844,45.01,34963.65,En proceso
166776,2020-10-14,934774039,5747924,Nota de Débito,7031668,33915695,59.29,7482.81,En proceso
355197,2023-04-07,335101958,5813072,Ticket de Venta,7805814,56113962,52.59,37535.91,Reembolsada
805759,2017-08-03,251668647,3404085,Nota de Débito,3593079,24525611,0.08,81799.59,Cancelada
918403,2017-09-02,709688924,4461017,Nota de Crédito,4277112,62976811,56.11,43182.94,Cancelada
226180,2023-11-01,878642223,4696980,Recibo,2329461,66349867,66.45,59354.25,En proceso
813958,2020-08-16,468582428,1340434,Recibo,1442682,95351606,61.25,63805.56,Pendiente
529288,2023-10-14,447481266,7964208,Boleta de Venta,2943867,88746809,65.09,4679.08,Completada
256905,2020-09-14,959939188,5062752,Factura,5460858,38572858,4.67,61840.8,En proceso
664459,2023-10-20,833332234,5524715,Recibo,3525498,94274361,8.97,89238.9,En proceso
301964,2020-09-04,727816862,8985482,Ticket de Venta,9732990,93606716,69.2,98204.11,Pendiente
476049,2021-08-21,420980187,6895673,Nota de Débito,2730880,80659262,90.76,21327.84,En proceso
805780,2020-06-19,706709542,4901256,Recibo,6632324,22250302,3.36,2180.62,En proceso
420757,2021-04-28,616379131,5568966,Nota de Débito,9530245,52466499,39.57,70149.55,Cancelada
373652,2022-03-18,645100298,9641592,Nota de Crédito,6372230,82500420,42.3,79981.97,Pendiente
920468,2023-03-14,142088575,2561705,Recibo,5241735,52257607,26.71,48283.06,En proceso
160672,2020-03-31,512803936,6207968,Factura,8909707,37247816,66.13,16967.93,En proceso
517027,2019-09-05,981539662,8854861,Factura,1401745,26426185,44.39,49947.6,En proceso
361381,2022-03-04,880126798,2790077,Factura,7058321,73548619,14.3,52003.83,Cancelada
537511,2017-02-24,312840659,2509274,Recibo,7635860,84480844,29.54,32237.33,Pendiente
332712,2017-04-20,146498654,6565983,Recibo,2812821,65952588,13.66,10459.53,En proceso
811945,2018-06-24,955285498,3681257,Nota de Crédito,6366103,76569422,79.93,1404.78,Cancelada
228266,2021-04-22,517261804,9730044,Nota de Débito,8907672,80919373,92.58,97820.75,Completada
934827,2023-03-03,982148328,5151655,Boleta de Venta,8063895,62161742,83.7,4718.29,Completada
230316,2023-12-04,888497961,1495327,Boleta de Venta,9442201,84609881,60.97,62960.89,Reembolsada
775084,2020-08-21,696667770,8453659,Factura,5409692,86635355,39.9,89378.76,Reembolsada
271278,2023-09-27,770004790,8846468,Ticket de Venta,9823133,65133406,82.57,8466.72,Completada
854955,2017-10-02,818755035,8329540,Nota de Crédito,7064478,35208040,64.53,34557.11,Pendiente
428816,2019-02-23,678823656,6212768,Boleta de Venta,4027299,52636521,87.37,7394.67,En proceso
465841,2016-05-09,135132472,6473629,Nota de Crédito,1352614,56079212,12.4,16370.1,En proceso
816050,2018-02-06,626618942,6360233,Nota de Débito,3603368,40127341,88.34,13800.67,Completada
498615,2016-12-08,892971660,3463743,Ticket de Venta,2196392,31921005,42.07,79126.26,Reembolsada
140217,2018-11-24,281136479,7062994,Nota de Débito,9923503,13970284,86.3,71381.8,En proceso
668602,2017-10-17,366028950,4124701,Recibo,2642865,18934643,99.82,53055.11,Pendiente
609210,2023-08-15,922078207,3359151,Nota de Crédito,6468532,48540532,60.14,76876.49,Cancelada
342972,2021-11-08,265042746,1226730,Boleta de Venta,2263988,34952053,54.15,69589.65,Pendiente
369597,2022-07-22,970538491,5668456,Nota de Débito,7437239,23409528,32.92,60355.39,Pendiente
775102,2016-12-13,716460059,9454425,Factura,2739129,95923065,83.8,29374.72,Reembolsada
768953,2017-06-04,499260398,8453659,Nota de Débito,5786554,69294971,16.7,16455.82,Completada
259003,2015-04-21,949917961,6835016,Ticket de Venta,5542842,84450175,67.15,78834.76,En proceso
887742,2022-05-29,499260398,8113621,Boleta de Venta,9155516,40010626,69.48,7305.18,Completada
312261,2023-06-19,143869143,1633375,Recibo,6347709,69622659,32.47,3843.02,Reembolsada
533447,2020-05-19,378491745,3014689,Recibo,6855614,10863493,14.51,89.62,Reembolsada
494542,2018-03-26,221499152,6463117,Factura,6861757,48055174,2.2,87727.99,Cancelada
134095,2018-02-05,355186720,1037119,Recibo,3013564,79971206,45.63,24915.23,Cancelada
549839,2019-12-05,175537655,3302565,Ticket de Venta,8543169,13450121,84.65,51410.68,Completada
150481,2019-12-28,576914837,5316394,Nota de Crédito,7293881,97821577,97.52,14514.13,Cancelada
750546,2021-06-20,252086569,7609994,Recibo,2939844,97112971,57.97,52824.76,Completada
852947,2017-08-14,206694207,9491870,Factura,3857349,29965197,70.9,88815.06,Reembolsada
392148,2020-08-26,272284167,7936490,Boleta de Venta,6450121,50539407,73.66,75257.69,Completada
361429,2019-05-01,821548824,6279175,Recibo,7549899,40475540,52.31,89655.1,Completada
863190,2019-07-19,815023021,2059357,Boleta de Venta,3273675,86154133,50.24,79583.67,En proceso
412632,2021-10-14,299922611,2161111,Nota de Crédito,6015951,27540375,72.43,97156.8,Reembolsada
367576,2022-08-25,198024943,9406423,Nota de Crédito,3601360,53359511,6.79,95910.11,Pendiente
406488,2019-02-17,984951024,2649806,Factura,4457425,16194457,27.99,49264.26,Reembolsada
949218,2022-10-29,251668647,3996882,Ticket de Venta,9130961,55380894,19.3,20045.07,Completada
510948,2023-08-24,557505667,3380099,Nota de Débito,6847443,35066783,2.32,84613.09,Pendiente
662501,2018-01-30,682738215,5062752,Factura,2143190,39738272,92.4,7442.62,En proceso
525286,2021-07-29,493296269,7101747,Factura,4330455,70593440,36.04,26738.42,En proceso
232424,2021-10-08,978068667,3542970,Ticket de Venta,5272536,20509602,58.31,19663.15,En proceso
861162,2019-08-22,722951217,1502402,Ticket de Venta,3630041,68842404,14.69,67564.04,Cancelada
609259,2023-04-22,590424337,9910766,Factura,5503961,92982183,90.91,86969.85,Pendiente
238573,2019-01-16,464624988,9910766,Ticket de Venta,4561882,80651176,57.04,11369.26,En proceso
938995,2020-08-28,645100298,5660892,Recibo,2673626,28470185,89.31,21889.51,En proceso
787452,2020-07-17,475688757,1926580,Factura,7631832,39398315,77.4,54693.59,En proceso
850941,2023-02-02,409112990,5568966,Nota de Débito,3441625,11965355,36.82,46334.74,Completada
982014,2015-10-02,728805472,4056723,Nota de Crédito,8240086,95591341,87.0,12016.86,Reembolsada
596991,2019-04-05,984951024,2171407,Nota de Débito,2585570,27935660,47.45,12604.42,Completada
390145,2015-08-03,709688924,8329540,Ticket de Venta,6335458,69430191,27.85,9634.43,Cancelada
117767,2023-02-09,523987888,6250645,Nota de Débito,8727523,40623024,24.88,86663.08,Pendiente
484360,2020-09-02,830854825,3501070,Boleta de Venta,5829607,80567218,64.69,39742.43,Pendiente
748556,2017-04-29,318364095,8124808,Nota de Crédito,4578282,39703477,75.41,58962.2,Completada
390156,2021-12-01,479375564,4901256,Nota de Crédito,5534698,42128310,99.58,99438.9,En proceso
486413,2015-04-16,874646904,8268552,Ticket de Venta,8934382,16595895,57.3,9774.53,En proceso
740370,2018-06-28,393422534,2717838,Ticket de Venta,8948719,49851320,84.15,31582.18,En proceso
678932,2019-06-21,497949050,1027358,Ticket de Venta,2102255,62153657,30.98,93313.39,Pendiente
367639,2021-10-10,515857709,9824078,Factura,2233329,62065594,32.59,12748.59,En proceso
300055,2015-09-30,379279855,7083973,Recibo,5893108,76985274,40.88,47296.17,En proceso
275484,2021-08-26,716392270,4704185,Nota de Débito,3326965,70409148,14.9,53695.16,Completada
943135,2020-03-01,365330813,7072096,Ticket de Venta,7556087,31722432,74.87,37669.24,Pendiente
943139,2023-05-14,649834063,7203628,Ticket de Venta,9378809,66472897,0.49,66245.94,En proceso
459825,2019-09-30,462913632,2438641,Boleta de Venta,3423231,40395713,61.56,90729.08,Completada
371765,2017-01-26,840420508,8910435,Nota de Crédito,9960448,93322180,1.03,36911.88,Reembolsada
906296,2017-08-17,894336508,6282160,Factura,4076547,38136773,14.26,80422.77,Cancelada
576569,2023-03-18,402684897,1106575,Recibo,1375236,19633096,48.8,55230.53,Reembolsada
764986,2015-09-27,814871150,1426711,Boleta de Venta,6476806,55020489,37.39,54255.87,En proceso
611384,2021-04-02,161533493,9784957,Nota de Crédito,4736014,73194441,58.16,48700.16,En proceso
218172,2018-09-23,341280156,8829522,Nota de Débito,3847185,12106696,26.63,17781.15,Pendiente
396345,2018-07-23,230508507,3294589,Factura,2360337,64510925,27.19,80070.57,Reembolsada
355390,2017-06-27,251404853,1505998,Boleta de Venta,3462163,77018063,44.81,89046.95,Pendiente
894014,2017-09-03,393422534,3533556,Ticket de Venta,6806548,55376849,67.51,77787.55,Reembolsada
191550,2021-09-14,730604891,8405603,Nota de Débito,2487320,80470997,31.99,54903.86,Cancelada
169026,2015-04-19,549078077,4686548,Ticket de Venta,5170204,78130134,55.11,84176.29,Completada
420931,2015-04-18,400808160,5428125,Nota de Débito,4566046,30274521,90.19,25213.48,En proceso
920646,2016-10-12,871240813,1146621,Recibo,7111712,28865499,69.08,76573.73,En proceso
543818,2022-08-08,265042746,4904794,Nota de Débito,2501664,21337053,8.05,13356.2,En proceso
742478,2016-10-07,535422294,7051842,Recibo,9804832,18166750,38.64,55406.13,Cancelada
353360,2019-12-25,604700425,7298873,Ticket de Venta,3570729,48020450,52.35,49388.13,Pendiente
390229,2015-03-16,799361744,6250645,Nota de Débito,7640106,10626021,13.01,78835.09,Cancelada
758870,2017-07-17,692706025,8113621,Ticket de Venta,9184299,94671846,30.73,43676.77,Completada
588892,2016-08-11,643037665,6419571,Factura,1877036,57773032,84.23,2977.22,Pendiente
894044,2018-06-17,526902725,9107350,Nota de Crédito,2401323,61866985,72.02,55232.17,Pendiente
885852,2016-02-11,512803936,4135370,Recibo,4029484,27091946,55.25,38124.75,Cancelada
838757,2022-03-19,572246642,7738665,Factura,2929710,38611947,95.62,10833.67,Cancelada
420962,2017-09-26,661698255,8838357,Factura,7451696,56767464,6.22,72811.54,Completada
773219,2022-04-05,256648267,6983434,Recibo,8502321,86545386,86.21,70659.0,En proceso
265314,2022-05-19,217227670,3955401,Nota de Débito,7922738,78410731,14.96,97634.18,Pendiente
519269,2017-03-14,579182960,8554136,Factura,3796022,89099247,11.97,46353.44,Cancelada
967782,2022-02-14,691052459,4250443,Recibo,6769721,60439529,28.95,35677.5,En proceso
562278,2020-03-03,186930143,8212841,Nota de Crédito,5821503,69446641,24.84,89157.85,Pendiente
699496,2021-11-26,481232117,4903301,Factura,3787840,37710834,81.42,75373.84,Cancelada
167012,2018-04-27,579182960,2877680,Factura,5375039,70917107,93.87,11191.79,Completada
875619,2018-01-23,454235469,1217222,Boleta de Venta,7085125,27923451,26.99,69514.3,Cancelada
560234,2016-05-16,900396143,8319401,Recibo,6153288,88503295,22.77,24577.48,Pendiente
724069,2021-03-21,857955250,3542970,Nota de Crédito,4969545,62643206,30.02,91388.2,Reembolsada
758893,2017-01-22,596704892,1129945,Nota de Débito,9366601,30610439,69.49,77454.64,Cancelada
291949,2020-07-17,404580039,3919416,Ticket de Venta,2423883,79709192,55.68,29237.93,Pendiente
414825,2021-04-27,844346321,6043465,Nota de Débito,9473100,97580049,3.83,37087.98,Reembolsada
902259,2015-10-18,307910730,8782513,Nota de Crédito,8545357,83405843,87.18,58267.68,En proceso
812149,2021-11-14,365330813,6842285,Nota de Crédito,4873294,96984084,64.13,90243.6,Cancelada
386166,2018-01-05,680278806,5667015,Ticket de Venta,3621966,77868053,61.61,33786.46,Cancelada
939127,2017-05-03,191755012,8239634,Nota de Crédito,7752784,99914774,5.16,41555.14,En proceso
375928,2022-12-13,917498820,2582995,Nota de Débito,7337038,74490901,91.04,55500.18,Reembolsada
457851,2019-07-07,814620152,4724644,Nota de Crédito,2227280,99679261,7.19,28752.8,Completada
162941,2021-10-16,221387437,5776855,Recibo,5409875,70009888,32.79,54030.41,Reembolsada
586882,2023-07-24,248919489,8626911,Recibo,8432724,96662562,65.96,14675.38,Reembolsada
879748,2022-03-08,993453642,3508780,Nota de Débito,7736405,66128931,77.21,36981.87,Reembolsada
222342,2022-06-03,254633807,9579236,Boleta de Venta,7865433,82611235,79.05,50981.81,Reembolsada
296071,2023-08-10,167222057,8152739,Nota de Débito,4529242,43852839,70.9,52661.41,Completada
951433,2017-12-23,349628523,8597691,Nota de Crédito,9710686,74120234,7.43,6282.85,En proceso
480393,2018-12-02,993067522,3727829,Nota de Crédito,5534815,22023212,37.36,74455.41,Cancelada
236683,2021-02-19,272467302,1424113,Nota de Crédito,5985378,49198124,11.37,50491.96,Cancelada
875659,2022-08-11,702160269,3235370,Recibo,3568741,97113133,52.68,61860.32,En proceso
494735,2018-05-25,483166388,1210769,Factura,3116137,30848044,28.83,97672.34,Completada
431250,2018-09-09,476669201,5098670,Recibo,8987757,39980077,87.4,81824.46,Completada
687251,2021-02-12,534248167,6250645,Nota de Débito,9002094,96369717,9.63,54605.64,Completada
756882,2018-04-27,475688757,8910435,Nota de Débito,8596591,80061496,16.04,2782.67,Reembolsada
160918,2020-01-06,148945605,5491956,Factura,9477231,65723449,44.35,68835.18,Cancelada
844951,2016-07-16,307910730,5469477,Factura,7306353,61606983,82.53,37874.45,En proceso
623768,2018-01-28,438526532,6778472,Factura,7605362,47363144,77.81,4566.93,En proceso
752793,2017-09-25,481944192,6939407,Boleta de Venta,5178488,57863242,22.33,13559.94,Cancelada
375964,2023-04-20,465786094,3982101,Ticket de Venta,8424572,17751116,65.13,94235.24,Completada
642208,2017-10-07,564970827,1132955,Ticket de Venta,8651901,38747212,98.67,88175.98,Pendiente
916641,2022-06-12,787503502,9107350,Nota de Débito,1231998,47449166,54.14,97174.07,Reembolsada
339107,2019-04-22,608874224,7868418,Factura,2002047,40283213,85.6,44549.26,Cancelada
732331,2019-07-18,901324612,9941152,Nota de Débito,2243712,47305808,37.26,64241.12,Reembolsada
476332,2015-04-24,832340821,4714097,Recibo,5182589,90031184,59.93,99651.08,En proceso
566445,2017-08-29,146498654,3482271,Nota de Crédito,3458173,56757334,18.14,25954.26,Completada
525484,2016-11-18,693027517,7953937,Ticket de Venta,3177604,23583830,21.46,95287.53,Completada
388271,2020-06-07,501923066,4268370,Recibo,6081668,73940058,47.71,42154.79,Reembolsada
400560,2015-09-21,243936550,2582995,Ticket de Venta,7138443,85501026,37.98,77451.6,En proceso
746669,2022-02-24,299710880,1373777,Boleta de Venta,5729422,13392998,16.18,3943.64,En proceso
933038,2022-08-30,117474124,6660743,Factura,7953553,62723175,20.5,12968.8,Cancelada
670898,2023-12-29,563195939,3750006,Nota de Débito,4465810,88659049,1.59,5160.94,Pendiente
625844,2015-08-28,759755064,9748441,Ticket de Venta,1516690,86965357,48.18,60414.33,Reembolsada
875696,2017-06-15,688290257,9283774,Boleta de Venta,4699285,47764600,41.23,98392.89,Reembolsada
656566,2018-06-26,744756471,6043465,Nota de Débito,1414295,82420857,13.7,43692.96,Cancelada
234681,2021-06-03,900149703,9797615,Ticket de Venta,6030488,46847098,52.92,89454.27,Reembolsada
715962,2018-02-22,354924879,8510490,Ticket de Venta,3302553,88423546,21.09,28862.28,En proceso
343229,2019-07-30,252086569,6788655,Ticket de Venta,2604185,61318268,77.68,60252.47,Cancelada
488638,2017-12-02,598148828,2877680,Ticket de Venta,8264859,50662524,59.45,64670.01,Cancelada
812228,2018-11-17,126847667,7945797,Nota de Crédito,6466717,53757054,38.99,87558.09,Cancelada
599237,2022-05-27,871240813,1734617,Nota de Débito,5201056,25287809,83.73,12832.06,Cancelada
279748,2019-06-01,492278200,4089001,Nota de Débito,8887457,86498434,12.02,63446.82,En proceso
718028,2022-02-17,619120674,5083053,Nota de Crédito,9319586,40285313,94.66,45876.47,Cancelada
701646,2015-05-29,358799936,8403662,Factura,5717154,53404804,65.68,92959.38,Pendiente
124118,2018-02-16,412513150,1447677,Boleta de Venta,6784162,87581830,47.71,20219.59,Reembolsada
429270,2021-02-14,441486807,9579236,Recibo,5739682,27145352,29.71,90232.84,Completada
380120,2019-10-03,617307440,1107209,Nota de Débito,2512032,12117131,16.39,84170.36,Pendiente
697561,2016-01-09,184318206,6592405,Ticket de Venta,6995111,73034893,17.94,72784.72,Reembolsada
515292,2018-10-15,576914837,9966836,Nota de Crédito,4146338,13737110,70.04,98999.28,En proceso
507100,2018-12-01,964316077,5425396,Nota de Crédito,3353765,97881240,14.27,76750.3,Cancelada
664797,2020-11-08,557681234,4724644,Nota de Crédito,6216874,19741849,70.63,19659.76,En proceso
629984,2021-02-04,288438811,8950746,Ticket de Venta,9884846,68744344,43.4,16942.2,Pendiente
314593,2015-09-24,744756471,9240267,Boleta de Venta,5434543,92656798,51.06,23274.94,Reembolsada
177380,2020-04-08,436436660,3219436,Nota de Débito,3206318,92945567,77.95,228.78,Reembolsada
931045,2021-07-30,518676337,1860481,Recibo,1715374,42710179,73.03,52805.78,Cancelada
199910,2019-06-10,627564193,3842665,Ticket de Venta,6315189,23936164,52.73,71782.36,Completada
904422,2019-02-28,452525127,9698258,Boleta de Venta,8787126,10538148,83.9,82067.26,Completada
779496,2015-08-12,293893945,4311636,Recibo,6902967,24413352,95.08,54076.87,En proceso
851186,2016-01-25,177853841,5746655,Boleta de Venta,8858809,99310761,77.47,49241.59,Reembolsada
212215,2017-12-24,920371334,7275676,Nota de Débito,5700794,43304106,1.75,9782.71,Reembolsada
767224,2017-01-13,474379416,6407515,Nota de Débito,1328315,41141420,83.54,18985.7,Reembolsada
933112,2021-05-08,354924879,6971777,Recibo,5065915,75492525,27.33,6560.57,Cancelada
994552,2015-03-30,999096151,1899656,Recibo,7611589,77118637,14.67,50636.91,Reembolsada
494853,2016-08-09,368038857,6122774,Nota de Crédito,2653385,47367343,5.06,90745.69,Cancelada
910606,2021-01-31,560847472,1417294,Factura,4631754,48723121,95.28,57077.47,Completada
386332,2015-03-18,718277752,7936490,Factura,7851211,60828850,65.28,98571.0,Pendiente
552224,2019-12-23,334926158,3481764,Ticket de Venta,3816653,97909940,92.2,97108.44,Pendiente
199970,2022-02-04,481944192,5139353,Recibo,8729806,84552885,94.93,9007.57,Reembolsada
765220,2017-01-19,786196228,2490959,Ticket de Venta,2571471,30299324,42.02,8647.84,En proceso
884004,2020-12-15,737419310,4736768,Ticket de Venta,8197329,49978556,13.54,12572.84,Pendiente
415013,2015-12-18,359980679,7517498,Nota de Débito,5156049,15748285,98.09,46430.77,Completada
277804,2016-01-22,616150285,2170024,Factura,6958292,66061503,97.61,15919.19,Reembolsada
857389,2015-09-12,650953746,3301931,Boleta de Venta,7638230,25992386,68.83,57904.71,En proceso
902455,2023-07-30,393422534,7964208,Boleta de Venta,2643160,65989829,63.01,27427.39,Completada
634169,2015-04-16,961828531,5056335,Boleta de Venta,3912924,54533317,90.86,34895.36,Reembolsada
136510,2017-12-02,818507711,3235370,Recibo,3218653,94270662,74.78,51241.62,En proceso
748863,2016-04-24,732694804,1926580,Ticket de Venta,9882846,83483848,2.1,74581.07,Completada
554307,2015-08-16,917270476,4315978,Recibo,2280674,69825737,16.72,8226.17,Reembolsada
728387,2019-11-29,184318206,4615281,Factura,2325732,66516170,98.47,51120.88,Cancelada
566601,2018-12-05,352398782,8229058,Nota de Débito,9237736,63753417,71.96,64258.41,Cancelada
519500,2018-08-03,683335772,3821042,Ticket de Venta,3460341,30702803,33.54,66095.83,Reembolsada
738636,2016-01-15,844844576,2540298,Ticket de Venta,2845945,40041683,39.94,28747.96,En proceso
863566,2016-09-06,873711281,3727829,Factura,8441084,94401748,31.93,60291.4,Completada
757070,2017-03-03,469853318,3481764,Ticket de Venta,9819390,25418966,37.4,56146.35,En proceso
214352,2018-07-20,235889797,2520166,Boleta de Venta,3296511,55547094,41.5,38572.89,Pendiente
908625,2018-09-01,955196919,5433186,Nota de Débito,2483455,86062292,3.96,19984.77,En proceso
341336,2015-11-17,922078207,1499484,Nota de Débito,9532676,66856154,70.69,61993.96,Cancelada
951640,2020-12-13,250314224,9948744,Ticket de Venta,2182404,12041438,64.76,2437.15,En proceso
650585,2020-09-27,221387437,4714097,Factura,9252102,16266463,29.15,83043.86,Completada
177499,2020-08-31,718404333,1375530,Factura,7851271,85038305,96.24,99200.5,Completada
429404,2017-06-14,850316475,7226441,Nota de Crédito,2383112,18054369,82.62,72759.06,Cancelada
521566,2019-07-22,682520008,4704185,Nota de Débito,7193860,84221153,87.09,88479.96,Completada
810335,2020-08-15,839387432,5444806,Nota de Débito,2112778,44625124,19.14,9985.01,Completada
318816,2023-01-24,183616942,4376689,Factura,2454796,27524325,32.06,54341.64,Cancelada
882017,2020-06-12,463894810,6565983,Nota de Débito,8809742,94682342,57.53,51831.87,Cancelada
623969,2019-10-08,581998920,7236556,Nota de Crédito,8289554,45632741,59.09,40281.34,En proceso
388453,2021-10-24,520971981,7226441,Nota de Débito,7939348,54144232,24.81,14962.39,Cancelada
634215,2015-09-13,344095272,3014689,Ticket de Venta,4701466,82810084,20.49,33709.37,Completada
806250,2018-08-29,106212201,5776855,Ticket de Venta,5782812,41612522,15.14,32242.3,Reembolsada
234859,2017-10-01,713795785,8554136,Nota de Crédito,3431708,63118571,31.02,18907.75,Completada
443756,2021-12-11,294568404,9664273,Boleta de Venta,6059294,67239139,30.4,13555.59,Completada
687469,2022-01-02,516310396,8745434,Nota de Crédito,6477087,80168172,87.96,6022.9,En proceso
982382,2017-02-10,700808385,6890623,Nota de Crédito,5524770,11289846,86.22,1712.81,Completada
288111,2023-06-24,557873052,1283418,Nota de Débito,7904549,52352255,17.74,86661.94,Cancelada
632176,2019-07-18,929619591,1536473,Nota de Débito,6427950,95413511,94.29,54036.48,En proceso
806257,2015-09-26,602229465,4769493,Recibo,5764405,75756812,24.39,83113.13,Reembolsada
234867,2019-04-19,479375564,8271218,Recibo,6669624,98018574,56.35,29058.38,Reembolsada
435572,2022-09-20,799915823,4268370,Nota de Débito,6595896,94006542,19.08,22571.6,Pendiente
918901,2016-07-10,468582428,9502694,Boleta de Venta,3112249,72297744,21.14,35928.52,Completada
429429,2023-02-14,829868944,3482271,Boleta de Venta,4531512,12332305,69.41,87353.09,Cancelada
191863,2019-07-06,921101902,9212533,Nota de Crédito,3054904,10290447,3.61,67182.84,En proceso
300405,2023-09-30,674838576,4485922,Nota de Débito,9409853,60011795,17.92,23320.53,Reembolsada
847222,2016-02-22,500963527,3072809,Ticket de Venta,2526528,66084116,31.39,22778.66,En proceso
236922,2021-04-03,899579239,9100371,Nota de Crédito,7099713,90397973,69.53,21633.32,Cancelada
611707,2018-05-26,495546701,9644700,Boleta de Venta,3499329,34772243,87.33,70104.22,Cancelada
441724,2020-04-21,438526532,4002408,Boleta de Venta,1922371,41911577,87.36,17545.72,Completada
699777,2022-11-02,335101958,9283774,Nota de Débito,2635077,35589402,11.91,65150.14,Reembolsada
728450,2019-12-12,210757562,8558457,Recibo,7601478,77896987,36.75,92403.9,Completada
761218,2015-05-27,455189109,4277609,Recibo,2200904,97228060,4.59,64790.65,Pendiente
259460,2021-05-09,199309230,6223573,Nota de Crédito,7130442,28728601,96.88,82218.1,En proceso
216450,2017-08-29,148945605,2647218,Nota de Crédito,4975947,74632482,77.51,66296.69,Cancelada
650631,2023-11-05,186930143,8461016,Ticket de Venta,6296907,27571491,68.58,36111.34,Reembolsada
347531,2019-07-05,847317076,3463743,Ticket de Venta,8256845,62553380,72.54,97817.15,En proceso
613771,2016-01-19,632094994,8319401,Recibo,9700686,12137762,55.18,82193.8,Cancelada
443790,2023-03-09,645853814,1132955,Boleta de Venta,9850191,57773350,74.41,16873.71,En proceso
220559,2022-03-28,787063037,3193599,Factura,5139793,16956711,74.78,46148.4,Pendiente
720275,2015-09-24,334926158,4969035,Factura,8672594,91262252,51.36,84961.42,Reembolsada
501141,2021-03-02,864516329,2424379,Nota de Crédito,2592083,98497837,72.06,4114.04,Reembolsada
310677,2015-03-13,464624988,7738665,Ticket de Venta,4461909,92624176,90.29,68453.26,Pendiente
560535,2020-11-29,186173594,4022838,Boleta de Venta,1035610,67419446,47.03,56684.04,Completada
974232,2022-09-30,474379416,6559776,Ticket de Venta,6673759,13739320,94.63,63256.4,Pendiente
587161,2023-08-23,156615018,8582471,Ticket de Venta,2700641,93449530,66.1,45651.64,Pendiente
341402,2022-04-03,538574875,4839359,Nota de Crédito,6958439,56814907,72.84,67461.46,Pendiente
656795,2016-02-02,866670312,2271424,Ticket de Venta,7857513,65735996,17.44,59518.32,En proceso
789914,2015-01-30,355656553,6334060,Nota de Débito,9440618,24913214,43.79,31951.22,Completada
767392,2022-01-31,818507711,7792219,Nota de Débito,8525163,73184581,85.34,24675.42,Pendiente
484771,2021-01-02,507815596,1050414,Factura,2037100,21148997,94.7,94240.4,En proceso
851365,2015-09-27,438526532,1992800,Nota de Débito,3898729,64912713,19.26,76342.15,Completada
884136,2022-11-13,809731267,1583865,Boleta de Venta,7357802,30473555,39.98,36182.95,Cancelada
337326,2017-12-19,535422294,5666404,Nota de Débito,6036848,93453651,13.19,2814.7,Pendiente
236975,2016-07-05,103011994,3876293,Ticket de Venta,7900529,64533845,87.22,66626.49,Cancelada
425391,2020-09-04,532730909,2717838,Recibo,4535666,82373974,45.22,94990.98,Cancelada
345520,2021-08-16,719413726,5125258,Boleta de Venta,6710643,53953879,50.89,4629.38,Pendiente
669105,2015-11-08,613264512,1214471,Nota de Crédito,9194870,29924701,96.29,19720.68,En proceso
361907,2022-05-24,202138285,6879005,Boleta de Venta,8355198,54050143,48.11,45095.27,Completada
816566,2023-06-18,105403179,1905956,Ticket de Venta,5633409,96222561,55.08,16805.02,En proceso
746935,2021-05-17,407626004,9257110,Boleta de Venta,3347843,73655650,54.45,5778.66,Cancelada
517558,2015-08-09,598769544,1495327,Recibo,8594820,47674721,11.58,17411.0,Pendiente
163258,2016-09-18,800317131,9711801,Ticket de Venta,1801605,84032868,24.24,81347.87,Reembolsada
449979,2018-09-27,505596853,1962669,Ticket de Venta,8666502,86013288,66.23,43978.89,Cancelada
228794,2016-11-09,335015938,9307753,Nota de Débito,8490380,28085609,57.47,75546.94,En proceso
144830,2019-05-27,395827607,8268552,Nota de Débito,3323278,83170666,42.81,77423.75,Pendiente
798143,2018-05-02,800317131,8124808,Recibo,4658576,10607981,46.56,62159.36,Pendiente
640448,2021-01-04,970790325,3600408,Ticket de Venta,2938260,80178545,98.92,64061.18,Reembolsada
163264,2023-01-28,511635056,6788655,Recibo,2049429,70679922,8.57,97864.72,Cancelada
251330,2021-05-25,354694416,1905956,Nota de Débito,9715099,17323379,6.72,50819.0,Cancelada
777667,2017-07-18,972652341,9960779,Boleta de Venta,3677596,66825588,27.31,77479.62,Pendiente
683457,2018-06-22,374212935,3139515,Nota de Crédito,3829149,51580277,67.05,18941.77,En proceso
437701,2016-02-08,629362238,1778369,Recibo,8840606,83697015,87.48,7997.11,Reembolsada
581062,2017-04-19,344095272,6613457,Nota de Débito,6786466,12932472,20.58,3840.73,Completada
697797,2021-11-25,114673518,9716178,Factura,2811300,98856314,93.07,92855.03,Pendiente
374216,2023-09-29,125481600,1670955,Ticket de Venta,5205413,42046842,1.0,13227.48,Completada
789961,2019-10-30,926855196,5826506,Nota de Débito,8912295,25408891,83.88,99836.21,Cancelada
869834,2017-06-28,945227772,7174348,Ticket de Venta,3816872,92173700,29.54,51152.99,Reembolsada
495057,2022-03-30,802997216,4478670,Recibo,3618220,33727876,75.81,57291.44,Reembolsada
251346,2023-05-14,757156983,1502012,Boleta de Venta,3014062,91889030,58.8,50924.69,Completada
155092,2017-04-18,143169168,9438241,Nota de Débito,8244655,70550919,88.44,59671.24,Reembolsada
918998,2022-07-07,441486807,8910762,Factura,4111792,78574986,64.32,10613.63,Completada
136663,2020-06-11,921745868,4563479,Boleta de Venta,4838830,38966669,12.43,59388.83,Cancelada
980440,2016-12-05,704823611,5550557,Nota de Crédito,2866608,76846478,74.15,29312.34,Completada
257497,2021-11-27,904257874,4395093,Nota de Débito,9373107,81364365,92.31,43903.4,Pendiente
585178,2020-12-08,827908426,6688657,Ticket de Venta,7470515,98786712,69.2,18012.73,En proceso
902616,2015-04-12,949681216,7868418,Nota de Crédito,5008827,74333592,50.71,27611.07,En proceso
892380,2022-09-21,871240813,8745434,Recibo,5764544,70004123,36.87,91326.54,En proceso
974306,2019-10-06,365330813,1302506,Nota de Crédito,2905537,71126428,1.3,51156.33,Cancelada
415204,2021-11-14,517261804,9095331,Boleta de Venta,4359623,71161249,67.69,97094.37,Pendiente
734693,2016-07-03,774388531,8737290,Recibo,2710984,67872164,98.0,57192.5,Reembolsada
321000,2023-04-13,678823656,9808307,Nota de Crédito,9098700,28507557,0.08,55100.24,Cancelada
327147,2019-04-29,850512621,7606193,Recibo,6378956,63796646,42.87,66181.34,Cancelada
939501,2019-11-11,850512621,1755524,Nota de Débito,2174413,17544614,49.77,36757.43,Pendiente
486893,2015-10-27,641747162,4038451,Nota de Débito,9067987,60411303,62.91,74600.48,Completada
978417,2018-06-01,361873308,5667015,Nota de Débito,4703710,72111527,25.36,3301.45,En proceso
413170,2015-04-01,411714897,4714097,Boleta de Venta,6764000,86027690,22.72,1965.17,Pendiente
642546,2016-09-06,513809357,5660892,Boleta de Venta,8820192,46392742,10.81,22286.53,En proceso
480759,2018-01-03,742851323,6446474,Ticket de Venta,9407974,32071078,65.94,61684.93,Pendiente
923127,2015-06-30,631165446,1221660,Recibo,2102761,59530669,24.07,70901.43,Completada
818681,2019-06-04,562499590,1321163,Recibo,7781868,84397486,32.37,41960.54,Pendiente
314874,2021-11-10,394381399,6402463,Boleta de Venta,1431021,58731953,90.5,81329.26,Reembolsada
331258,2015-05-22,354249330,3623688,Ticket de Venta,5414381,71413171,64.85,84975.75,Reembolsada
718332,2022-12-15,773527948,2753391,Boleta de Venta,8396274,91606454,38.15,42574.62,En proceso
198144,2015-12-07,191755012,1693937,Boleta de Venta,4556275,81548727,54.89,29908.37,Cancelada
773633,2021-06-14,972409141,7315694,Factura,1213939,60405176,35.19,11960.91,Completada
826883,2023-10-28,770169255,2717838,Recibo,6393332,57286074,7.83,82222.63,Completada
808451,2017-11-09,564970827,3928939,Recibo,7075316,31251898,15.97,97096.39,En proceso
605703,2016-02-20,162333635,8762207,Nota de Débito,3249657,85726653,16.38,64070.62,En proceso
964106,2017-12-19,457643985,4380736,Nota de Débito,8070652,62782910,4.32,91838.35,Reembolsada
632330,2021-01-31,463894810,5962201,Factura,9254396,51281342,56.34,55663.28,Reembolsada
355852,2015-03-23,978702440,4394972,Factura,8209918,64310718,76.07,25405.97,Cancelada
620046,2016-11-13,389494316,1014248,Recibo,1342974,80664002,95.37,48517.99,Cancelada
642574,2021-05-15,174671545,2272641,Nota de Débito,8656386,12854723,64.09,30709.97,Pendiente
710160,2016-11-21,166811443,7922877,Factura,7790084,22658498,50.92,17820.13,Completada
251416,2022-11-06,151663984,8902404,Factura,6528516,37985733,95.58,37556.6,En proceso
790044,2019-07-03,136353329,7672941,Nota de Crédito,8556038,32679363,26.01,86206.26,Cancelada
927263,2021-11-29,687217199,5101702,Recibo,4449799,59950535,85.31,80474.78,Pendiente
753184,2021-01-15,838610964,4135370,Nota de Crédito,2455048,46753225,3.07,43425.41,Reembolsada
890403,2022-05-30,458745768,8528893,Nota de Débito,9526794,84172234,94.2,35193.48,Reembolsada
134692,2016-07-09,634790782,3762575,Ticket de Venta,5850635,21732811,42.16,98812.34,Cancelada
636460,2019-07-03,854092382,8309980,Factura,6428171,73244110,83.12,47268.87,Completada
319020,2020-01-05,933543623,6446474,Factura,8732173,34092496,67.72,68129.95,Reembolsada
577070,2023-05-15,945227772,8362283,Recibo,9131530,66049488,14.71,31986.79,Pendiente
994861,2018-11-07,558485767,6981412,Ticket de Venta,9061903,56661457,50.87,69706.55,Completada
290353,2018-03-30,836413604,3730016,Nota de Débito,9840146,61060567,38.85,82277.12,En proceso
908849,2018-01-29,814389214,3482271,Ticket de Venta,6430226,64724441,42.87,27760.36,Cancelada
634419,2015-05-03,537435447,2438641,Nota de Crédito,5686805,70661593,20.0,5253.1,Reembolsada
466484,2019-10-14,371453016,2790077,Nota de Crédito,6178325,64988635,71.65,39907.97,Pendiente
380469,2020-04-14,957724206,9797615,Nota de Crédito,1199638,49114589,72.44,50855.27,Reembolsada
765494,2019-07-31,469853318,7194466,Nota de Crédito,8101399,12328413,29.07,824.67,En proceso
779830,2019-09-03,364928153,9370464,Boleta de Venta,9586202,27416031,2.96,9958.31,Cancelada
132662,2023-04-16,604700425,6976053,Boleta de Venta,7773723,56684000,98.97,72402.17,Reembolsada
409143,2016-09-27,934776507,4244351,Boleta de Venta,1685020,52684263,68.77,12550.56,Pendiente
368184,2023-07-12,498236949,6557779,Ticket de Venta,7552542,40523240,57.68,43001.85,Cancelada
915003,2018-08-24,696302761,6456035,Ticket de Venta,7372318,25470440,46.9,34523.41,Pendiente
771644,2022-05-19,364928153,1373777,Boleta de Venta,8478246,50482152,33.26,64975.82,En proceso
849468,2016-05-18,874646904,1170655,Recibo,7323175,61502956,18.5,12381.18,Cancelada
865854,2022-01-10,313921084,1172942,Nota de Débito,6731308,78249453,25.08,10297.64,En proceso
112193,2023-04-28,354924879,6660743,Factura,3630640,50202096,76.81,60347.73,Pendiente
613955,2017-04-10,818507711,3533556,Recibo,8726066,14536179,47.89,7989.86,Pendiente
314948,2023-06-06,642870541,9841252,Nota de Débito,5203507,27977210,32.81,67935.55,Reembolsada
120387,2015-11-11,907434216,7530759,Recibo,4118067,70030843,14.54,89675.21,Pendiente
138822,2020-09-19,181544527,9748118,Recibo,9240119,75105788,21.26,11958.43,Reembolsada
519751,2021-01-31,730604891,6064785,Factura,7478840,88305150,99.16,96114.89,Reembolsada
337478,2017-01-06,934776507,6540025,Nota de Crédito,2709049,77839870,70.57,14723.01,Completada
265801,2016-12-05,482980874,1114085,Nota de Débito,5692986,94669296,16.35,8103.62,Completada
947789,2019-05-28,398139808,5323287,Factura,8949307,32230913,35.29,94428.18,Cancelada
517711,2016-01-02,299710880,3014689,Ticket de Venta,8885819,72347138,37.14,68473.48,Pendiente
499281,2020-02-14,614416411,2647218,Recibo,7005755,15226371,63.13,84895.45,Completada
816723,2019-12-24,407626004,5018094,Boleta de Venta,7059001,51748356,60.23,93646.96,Pendiente
855635,2017-10-25,790596196,8945506,Boleta de Venta,9803328,23545349,29.7,29901.91,Cancelada
482901,2017-03-01,407626004,4443697,Nota de Crédito,5527105,76135947,12.27,55665.6,Cancelada
421462,2017-07-16,474379416,6473629,Recibo,5996099,81868299,38.42,29964.98,Reembolsada
525914,2018-04-21,934774039,9583146,Nota de Crédito,8635972,45331981,94.19,9142.85,Cancelada
917084,2023-02-25,956047209,6367235,Ticket de Venta,2551365,63151635,69.48,17194.9,Pendiente
253533,2020-01-03,513552085,4770651,Factura,3780165,39304724,18.33,19943.05,Pendiente
171617,2017-05-16,801782759,7187850,Boleta de Venta,1363528,33287700,49.19,62937.72,Completada
372323,2017-02-05,992754061,1426711,Nota de Débito,8359497,94461462,48.01,20233.05,En proceso
206436,2021-10-06,910316973,6122774,Nota de Débito,7984714,98569751,10.93,75415.45,Pendiente
790116,2020-04-23,649834063,9744825,Ticket de Venta,8455754,58119699,17.55,73488.66,En proceso
222822,2016-05-20,161533493,4748675,Factura,6389326,63034908,41.72,8054.9,Pendiente
317029,2022-04-18,267056336,5841603,Boleta de Venta,5449297,49231390,63.47,24828.28,Cancelada
419431,2019-09-13,206694207,9364047,Factura,7192152,99292702,81.13,92662.67,Pendiente
202348,2016-03-17,632821653,8829522,Boleta de Venta,2289241,29609504,74.3,13097.0,En proceso
204397,2022-05-21,527678284,3812010,Ticket de Venta,1631832,15953441,71.39,85316.87,Reembolsada
396910,2016-04-28,601768388,5536312,Boleta de Venta,7102043,60624418,52.6,43697.05,Reembolsada
263793,2018-01-27,343821275,1536473,Ticket de Venta,9180769,29414945,1.05,43123.22,En proceso
853618,2019-11-04,465786094,1037119,Recibo,1711715,88874532,12.42,71711.19,Pendiente
892533,2016-03-09,696302761,6842285,Boleta de Venta,6733412,89554470,30.2,70050.45,En proceso
310908,2019-05-01,603950329,3758628,Nota de Crédito,8529507,88002090,75.02,45100.89,Completada
454269,2017-01-01,629362238,3876293,Nota de Crédito,3995238,32775723,5.79,60017.72,Reembolsada
824958,2019-02-24,956878516,9293690,Factura,4789863,93232682,65.39,67839.99,En proceso
558723,2023-12-27,393422534,9603944,Nota de Crédito,9102949,75712042,36.12,17182.28,Cancelada
515717,2022-02-20,326138001,5605396,Nota de Crédito,4241001,97760816,65.85,87663.08,Cancelada
935557,2023-07-24,730604891,2892318,Ticket de Venta,8117865,13905456,82.85,53936.42,Cancelada
923272,2016-09-21,862197886,4778502,Nota de Débito,9023083,42440240,87.96,11950.75,En proceso
919181,2019-03-18,964020418,3669311,Nota de Crédito,5004907,85165619,28.38,85025.62,Cancelada
704142,2022-02-06,866922317,5031350,Recibo,8787566,46200374,89.12,43632.59,Cancelada
267918,2015-11-30,895676205,9808307,Boleta de Venta,9924208,58240566,11.38,21241.79,Reembolsada
468621,2021-01-11,560847472,3483807,Boleta de Venta,7347825,68103740,53.53,8448.01,Reembolsada
452242,2016-12-11,251668647,5139353,Ticket de Venta,1545841,55313983,80.15,32274.15,Cancelada
392853,2023-03-03,883423012,7219797,Nota de Crédito,8439410,30111295,27.4,98384.1,En proceso
970390,2018-01-04,578526078,4187083,Recibo,3647096,19902018,87.29,24036.61,Pendiente
954007,2017-06-23,661698255,3573623,Factura,7259769,50646597,62.5,9392.09,Cancelada
120470,2017-06-13,667837980,1942178,Nota de Débito,9111161,56731206,21.41,33606.2,Reembolsada
558745,2019-10-23,732694804,6890623,Ticket de Venta,7321211,32228934,25.06,51966.84,Cancelada
855704,2020-05-03,517261804,3014689,Factura,5086843,21790277,78.88,81498.19,Cancelada
982685,2021-12-13,447290623,3701472,Boleta de Venta,3393149,51105356,92.81,24344.6,Reembolsada
767647,2016-07-09,722319509,6785990,Nota de Crédito,8203902,41997901,57.32,69234.21,Completada
575135,2016-11-11,829868944,9784957,Nota de Débito,2360964,32128614,10.02,12320.05,Cancelada
941732,2020-11-20,797991470,4136447,Boleta de Venta,8085124,59227752,56.45,26737.26,En proceso
175782,2017-11-11,311033213,1478735,Recibo,4091526,87637616,90.39,16876.76,Reembolsada
124583,2018-06-21,928248161,5083383,Recibo,6551175,77614705,85.67,43361.79,Completada
362152,2020-02-04,499260398,1589344,Recibo,2418313,99665522,47.17,54968.54,Reembolsada
720555,2017-07-07,619120674,3235370,Nota de Crédito,4925066,30031474,75.85,25247.09,En proceso
380588,2021-07-12,454231857,3237080,Factura,7005835,55260788,25.73,63952.21,Reembolsada
196269,2016-08-18,576849673,1050414,Nota de Débito,8984204,46552692,67.36,18073.74,Pendiente
804526,2015-10-27,392755335,4901256,Boleta de Venta,3384974,24493688,39.48,88881.74,Reembolsada
353966,2016-11-18,495910963,3646142,Ticket de Venta,1638034,10321531,95.03,11177.88,Completada
147120,2023-02-23,203874820,3354563,Nota de Débito,8625811,17243771,16.91,65856.03,Completada
997044,2021-05-09,436436660,1475986,Recibo,9651860,88979070,63.16,89827.56,Pendiente
239285,2019-12-15,219802439,5422428,Nota de Débito,6069906,98764417,50.91,25894.21,Reembolsada
802487,2021-05-03,245636658,3003846,Nota de Débito,3012246,84766338,70.13,6739.84,Completada
841400,2022-02-26,230508507,2770313,Nota de Débito,9256598,29521538,15.03,99932.44,Pendiente
917175,2016-08-11,487163830,9921213,Recibo,4404890,81954446,22.93,87526.01,Pendiente
173754,2016-05-25,607546842,5574917,Boleta de Venta,2485916,81950357,62.19,25953.38,Reembolsada
487097,2016-02-26,861087861,1340434,Recibo,7765661,86083222,44.52,19818.45,Reembolsada
970430,2023-01-13,725939856,8088680,Nota de Crédito,6088348,52493975,39.48,1921.8,En proceso
872129,2019-12-18,186924818,7992861,Nota de Débito,7075485,67466903,11.31,79423.14,Reembolsada
874179,2019-03-27,645853814,3974213,Boleta de Venta,1513121,50329243,77.85,94216.58,En proceso
970439,2016-05-11,139390606,2641315,Boleta de Venta,1236644,14438046,46.33,66784.71,Cancelada
933576,2023-08-14,645853814,6768634,Factura,5275305,35563169,37.73,3002.96,En proceso
831176,2023-03-23,572246642,9991071,Nota de Crédito,9436844,49487526,26.18,81098.64,En proceso
988875,2022-03-17,555552170,1864849,Factura,2447021,86251177,96.07,27394.09,Cancelada
923339,2015-07-07,649533470,8229789,Boleta de Venta,5371566,35276457,82.43,43097.02,Cancelada
208592,2019-11-15,526999019,4342219,Recibo,8443566,63977131,51.95,34001.21,Completada
206544,2021-05-25,400808160,7876025,Factura,2293424,20416173,96.13,8428.73,Completada
878297,2023-04-02,173112132,3509479,Recibo,1851059,56053427,29.86,34773.29,Cancelada
255706,2021-09-28,859114430,3646142,Recibo,7980725,45049528,4.45,1250.57,Reembolsada
573150,2022-08-16,873711281,7196537,Factura,5195447,28972731,10.0,40573.37,Reembolsada
564960,2015-06-09,961828531,5743237,Ticket de Venta,7704247,80398012,58.81,94293.6,Cancelada
954080,2017-07-27,424797694,4701786,Nota de Débito,7499450,88968893,70.54,24259.91,Pendiente
757475,2018-03-30,766279940,2599558,Nota de Débito,1275579,85802688,45.97,20564.73,Completada
827107,2021-10-25,981539662,6565983,Factura,2520765,30877376,28.91,20738.37,Pendiente
780004,2018-10-06,502312834,1447677,Boleta de Venta,2614974,67686081,40.89,18131.5,Pendiente
947942,2021-08-10,866793148,3237080,Recibo,2205374,94408387,76.35,81865.49,Cancelada
777961,2017-03-27,362374431,8361321,Boleta de Venta,9180862,65861317,41.79,33473.28,Reembolsada
804586,2018-04-29,667837980,3483807,Nota de Débito,3436224,57599694,41.44,51211.54,Completada
136939,2016-08-01,286620606,5934772,Factura,7610049,10593999,17.29,88094.29,Completada
814831,2020-06-12,586242921,9176948,Factura,4236997,71016144,80.75,60825.47,Cancelada
390901,2022-02-08,159676580,3573623,Nota de Crédito,2969286,71839442,66.04,32302.54,Reembolsada
763638,2021-01-18,112619992,3481764,Ticket de Venta,9918151,25272018,16.3,4750.59,Pendiente
937718,2017-08-02,400808160,7792219,Ticket de Venta,4867784,65586899,31.67,66488.06,En proceso
536309,2016-05-07,900396143,9841252,Ticket de Venta,6710983,72281816,64.76,52907.81,Completada
808697,2018-10-06,993453642,7363474,Nota de Crédito,7624403,23221982,27.81,62068.75,Reembolsada
763642,2019-06-30,925095847,5660696,Nota de Crédito,3714775,71341791,41.28,19518.04,Cancelada
780026,2021-12-21,551068546,1130375,Recibo,2623195,52545248,41.34,57896.33,Pendiente
460539,2022-01-25,629000019,8782344,Nota de Crédito,2481888,48455393,50.39,69446.4,Cancelada
902909,2023-10-02,161828753,2717838,Factura,3417824,20768482,34.57,97052.6,En proceso
313084,2019-05-09,312840659,5323287,Nota de Crédito,7554786,98750179,30.66,15545.71,Reembolsada
653055,2022-04-07,139390606,7429915,Ticket de Venta,3501797,16887524,6.74,35814.96,Cancelada
792316,2016-09-24,802997216,5506398,Recibo,9428709,97814244,3.06,6848.71,Pendiente
231169,2019-09-13,230508507,6456035,Nota de Débito,8550120,68830947,2.98,5215.63,Cancelada
339705,2020-06-27,411714897,5522135,Boleta de Venta,6721260,35847911,25.89,46808.46,Pendiente
141053,2022-08-13,531144063,6908438,Nota de Débito,9393901,29028071,54.39,95053.65,Cancelada
794376,2015-03-08,173855260,6305181,Nota de Débito,2617072,96868076,71.84,91461.76,Cancelada
331528,2020-02-05,354665650,1926580,Factura,7421685,71651054,23.5,77364.58,Pendiente
847626,2021-10-27,153565426,7494571,Nota de Débito,2459385,73182963,67.7,30928.71,Cancelada
208651,2017-10-22,511635056,1788721,Boleta de Venta,8994556,95510262,73.74,90183.49,En proceso
937736,2015-11-25,293893945,7285979,Factura,7968517,87389943,93.33,64782.97,Cancelada
691981,2021-01-31,555454677,8235653,Factura,5054214,33404663,23.34,15813.14,Completada
904969,2016-10-12,709688924,1426379,Factura,8015621,35688185,79.61,57234.98,Completada
986890,2020-03-10,821548824,1058047,Nota de Crédito,2543365,77330170,54.84,22177.67,Reembolsada
239377,2015-11-01,507351951,7251307,Ticket de Venta,4101897,45827835,80.49,30190.47,Reembolsada
126740,2023-05-04,136353329,2082642,Recibo,7628554,97666808,27.04,66012.7,Pendiente
974613,2016-01-03,177853841,9152559,Ticket de Venta,2660101,48150271,67.73,27456.13,Cancelada
411414,2017-02-20,876762252,1106575,Ticket de Venta,7012108,13125376,24.01,11390.38,En proceso
861972,2016-08-28,167222057,2855254,Boleta de Venta,7827213,83023617,51.23,10556.8,Reembolsada
751381,2019-02-08,355656553,9554975,Ticket de Venta,5914381,39792385,63.42,96950.07,Pendiente
888601,2020-04-02,576849673,2438641,Ticket de Venta,7382801,76449540,41.25,84387.78,Cancelada
550685,2023-06-25,461057171,4904794,Factura,7685906,13489926,24.84,38137.43,Completada
349984,2022-12-15,543776390,7395238,Recibo,7782164,44007175,97.4,44783.93,Completada
223012,2023-11-07,103011994,6223173,Factura,9881365,49755916,21.36,29306.66,Cancelada
323365,2022-06-24,928907947,2348671,Boleta de Venta,3356437,69592845,81.77,10353.11,Completada
227110,2021-11-19,261141450,7517498,Recibo,5871385,95618830,8.69,29520.31,Completada
317226,2020-10-14,296047000,8614267,Nota de Crédito,8738587,92532494,7.79,37109.61,Pendiente
771882,2023-06-10,921745868,1475986,Nota de Crédito,3698463,82710288,44.16,81225.86,Pendiente
988970,2016-03-09,622828704,4493381,Ticket de Venta,6618915,21397262,61.68,97443.41,Reembolsada
786221,2019-04-10,727816862,8782344,Boleta de Venta,5297959,62697235,9.69,39127.31,Reembolsada
184108,2019-04-17,236756886,4460704,Factura,4001583,31883028,23.61,52442.68,Pendiente
522034,2023-06-01,940593735,9095331,Boleta de Venta,8918832,20860693,88.86,37266.04,Reembolsada
616245,2019-07-11,667441309,1837300,Factura,8806195,15853334,27.64,56207.36,Cancelada
599861,2021-06-13,199849439,2777222,Nota de Crédito,8963893,20305689,73.86,2093.6,Completada
882485,2022-08-19,507351951,4202655,Nota de Crédito,9101111,97222427,28.2,48469.77,Cancelada
663351,2022-06-15,462913632,8789507,Nota de Débito,8582968,65914652,87.31,50889.34,Cancelada
886584,2021-08-07,696302761,2753391,Nota de Crédito,4876090,85929757,57.4,68984.28,Pendiente
347959,2015-05-22,393931053,1475447,Boleta de Venta,6371132,27008798,42.66,84893.04,Reembolsada
296763,2021-01-01,261162959,1589344,Ticket de Venta,2332479,18718495,12.1,7084.1,Reembolsada
978748,2019-12-08,379279855,3247631,Ticket de Venta,1398592,80928546,77.38,21881.19,Reembolsada
505663,2022-05-13,186173594,8152739,Factura,8695618,80903970,10.89,10776.7,Reembolsada
130881,2023-06-01,999096151,9841252,Nota de Crédito,3768135,58322724,97.5,44405.54,Cancelada
657218,2023-10-20,777273609,4268370,Nota de Débito,3059531,47990565,30.5,66716.13,Reembolsada
546627,2020-12-17,847317076,3219381,Nota de Débito,3837772,71923494,92.2,45819.53,En proceso
454467,2017-09-17,871924611,4722043,Boleta de Venta,2234191,94852901,51.24,40934.59,En proceso
122693,2017-06-13,564970827,5018094,Recibo,9441104,49520426,39.21,98043.07,Cancelada
866120,2020-04-21,126847667,1475986,Nota de Crédito,4788047,76242730,9.3,83906.03,Completada
294733,2020-06-12,349628523,8098355,Factura,5979986,17458988,34.45,63048.23,Pendiente
159566,2019-10-18,892284623,3035239,Boleta de Venta,9994071,56213293,63.87,63742.11,Pendiente
931667,2015-11-04,438526532,8152739,Nota de Crédito,7225177,88235818,2.86,56908.23,Completada
784211,2019-06-26,318683890,3623688,Nota de Débito,4286298,14919479,67.48,33571.49,Cancelada
139102,2023-02-22,947508664,8329540,Nota de Débito,2457436,15052601,58.54,23903.98,Reembolsada
155488,2018-12-19,154175819,2161111,Ticket de Venta,2740060,90605371,2.01,25228.74,Reembolsada
472931,2022-03-27,954941216,5114369,Boleta de Venta,7300958,51056450,36.15,91086.38,Completada
819045,2023-12-17,462582383,3581089,Nota de Débito,2604895,81149764,83.39,37854.7,Completada
460645,2015-04-03,333085900,3951965,Ticket de Venta,7333726,53030724,57.18,23505.87,Completada
470888,2021-10-23,316402726,6074883,Recibo,2932572,61042502,13.64,28994.77,Cancelada
636777,2019-01-28,513088053,9908263,Nota de Crédito,4050789,58146628,97.35,52454.21,Completada
214895,2023-09-29,934776507,9283774,Factura,6311782,75282249,61.57,89776.7,En proceso
882544,2015-08-05,215712390,7101747,Factura,5214053,65271626,4.98,95652.42,Completada
208758,2015-07-23,585260010,4478402,Nota de Crédito,7749480,63299403,15.99,95058.85,En proceso
327544,2020-01-02,271729296,3275869,Boleta de Venta,2584424,99118927,16.16,81625.58,Pendiente
479097,2016-08-03,233210066,2119416,Nota de Débito,4022122,97288022,73.23,18212.32,Cancelada
714618,2019-02-10,590820576,9579236,Boleta de Venta,4575083,38760281,19.64,25959.93,Reembolsada
386941,2015-10-11,272170875,1864849,Boleta de Venta,3526509,71878489,16.5,6699.62,Pendiente
249725,2021-02-22,161012329,3701472,Nota de Débito,6856563,54228829,82.25,8641.99,Pendiente
554882,2022-03-21,221387437,5840985,Factura,7079797,47167327,62.43,23641.08,Reembolsada
454534,2015-09-26,406625998,1132724,Ticket de Venta,1044342,58300262,59.31,42500.94,Completada
122759,2016-03-10,158112667,1050414,Boleta de Venta,1771384,32356199,90.15,46796.06,Reembolsada
685959,2018-03-25,931084426,7421617,Factura,2219897,37775207,19.54,9185.26,Completada
868234,2015-07-27,926596094,9240267,Recibo,7309178,11425641,34.35,84903.75,Cancelada
786314,2015-01-19,258004255,8098355,Nota de Débito,3794809,30850922,58.65,66630.52,Cancelada
882572,2017-07-18,513809357,5844282,Boleta de Venta,5310333,13813611,89.15,11478.63,Completada
704398,2023-07-20,346122021,8621908,Ticket de Venta,1455998,81094508,22.3,40855.12,Cancelada
554894,2022-07-26,495910963,1424113,Ticket de Venta,3639169,53110637,18.1,97905.82,Pendiente
745363,2023-05-30,318124362,6660743,Nota de Débito,7143300,11548526,83.28,92910.49,Completada
128917,2021-03-28,502312834,8614267,Boleta de Venta,4861830,35987315,87.29,1632.22,En proceso
143260,2017-10-13,799848098,9760498,Ticket de Venta,3262343,80232310,31.02,51380.51,Reembolsada
147357,2017-07-23,915758342,1778369,Recibo,6512520,82943864,30.65,33454.44,Reembolsada
444321,2016-03-14,469853318,4603045,Factura,7376776,33400698,16.59,38741.09,En proceso
468898,2023-09-09,835099066,3842665,Ticket de Venta,4908938,95881083,72.14,51435.64,Reembolsada
126883,2018-11-23,409937506,3996882,Nota de Crédito,5240715,82532224,87.93,34633.37,Completada
227235,2016-11-11,669153322,7964208,Factura,6041481,43396997,81.37,80075.42,Completada
593829,2019-05-25,815023021,4796046,Boleta de Venta,3385234,21759878,52.67,19288.36,En proceso
489383,2015-11-22,326138001,3235370,Factura,3731347,65574790,71.36,58007.95,Cancelada
810921,2016-05-18,338919183,1172942,Nota de Débito,9181078,58343307,75.29,85477.17,En proceso
989097,2015-02-04,778202712,8749491,Recibo,8386455,66729868,98.89,62725.92,En proceso
599981,2018-05-11,737419310,2770313,Ticket de Venta,6150043,37509005,30.94,36698.67,Reembolsada
192433,2017-11-13,802997216,8789507,Recibo,4364187,91201424,95.32,7051.6,En proceso
442293,2015-11-09,148945605,7472126,Recibo,5318558,35680145,80.17,51113.03,Cancelada
362422,2022-03-14,692706025,5053705,Factura,9809823,21174161,14.24,12801.2,Reembolsada
630709,2023-10-27,644731203,7932558,Nota de Débito,5744544,73959317,70.55,12438.47,Completada
528312,2019-03-20,999096151,1254474,Recibo,1392549,27991959,63.62,77340.47,En proceso
520120,2019-08-04,556415703,1014248,Ticket de Venta,4018086,13172633,52.35,98181.85,Reembolsada
929722,2022-03-21,159533883,6740316,Boleta de Venta,9232296,27219867,37.81,56764.83,Pendiente
475068,2023-03-07,820119398,8626911,Boleta de Venta,9293737,68824987,92.26,32796.65,Completada
341948,2019-07-08,614958951,5840985,Nota de Crédito,2500523,31971229,20.12,85081.42,Completada
260030,2022-01-22,478950622,2753391,Nota de Débito,6762411,95037343,56.43,60489.06,Pendiente
251840,2015-12-18,682738215,7818878,Ticket de Venta,8867758,86337441,78.22,64454.96,Cancelada
679873,2021-03-02,479375564,4704185,Recibo,9084847,48029605,65.27,2257.76,Completada
180162,2017-11-24,613264512,3463743,Boleta de Venta,1972142,69703592,17.53,94985.82,En proceso
534467,2015-08-26,492615774,4380736,Ticket de Venta,5681073,85632936,4.77,33945.77,Cancelada
462786,2022-06-03,777718298,1990757,Nota de Débito,4409267,78317483,66.31,85618.87,Completada
767945,2020-08-20,425825526,8852855,Ticket de Venta,5552054,58675117,54.34,57707.17,Pendiente
729035,2015-07-01,929278652,5848174,Recibo,2150328,63256497,73.44,12438.69,Pendiente
235473,2021-04-17,379279855,1673443,Nota de Crédito,9459642,37109685,16.06,77404.7,Cancelada
929747,2019-09-28,877428231,1860481,Factura,8959930,53753782,76.98,45091.57,Reembolsada
698323,2022-08-03,800317131,8002853,Recibo,5601213,20897717,98.83,53730.18,En proceso
913366,2023-12-19,313921084,4056723,Nota de Crédito,3438527,27965371,76.01,39459.94,Reembolsada
866263,2018-11-21,809731267,7137541,Recibo,6604736,79972286,22.21,51077.63,En proceso
702424,2020-11-02,696035564,2560373,Nota de Débito,7907266,63645630,36.08,27437.04,En proceso
683990,2021-03-26,853231472,3014689,Ticket de Venta,4126659,10799044,39.46,96835.15,Completada
997338,2023-03-25,462582383,8936268,Nota de Crédito,2271175,67854276,0.01,71813.2,Completada
804827,2016-01-17,561497164,3876293,Nota de Débito,2314185,92932043,83.85,40393.36,Cancelada
384988,2015-05-12,381554218,1889412,Ticket de Venta,7733194,35368909,14.31,69924.01,Completada
507869,2023-11-25,441863065,5139353,Factura,2592720,91109329,33.86,96737.19,Cancelada
239582,2021-08-17,752688286,8271218,Nota de Débito,3334096,84580305,36.75,22362.11,En proceso
974816,2017-11-20,359980679,3762575,Nota de Débito,5306322,51996627,39.46,849.51,Cancelada
618464,2023-09-18,761930126,8631532,Boleta de Venta,4399057,87160794,88.14,99196.27,Pendiente
186339,2017-09-22,768635823,8537915,Nota de Débito,5384146,23642075,87.96,68439.85,Reembolsada
501731,2018-11-11,650669782,2365972,Factura,4288472,49584095,9.53,34312.96,Pendiente
602086,2022-05-01,809853941,9995735,Ticket de Venta,8064986,61988833,8.26,12782.12,En proceso
260073,2022-10-25,439359047,9307158,Nota de Débito,2437085,14821346,62.53,50081.51,Completada
378858,2019-01-26,371453016,7921182,Factura,7503840,94595043,44.98,78081.07,Completada
397293,2015-07-13,980855357,6494824,Nota de Crédito,9111521,21450723,13.15,16906.23,En proceso
729069,2019-12-08,161012329,2082642,Boleta de Venta,7890919,87191525,60.36,8509.74,Completada
841712,2022-04-07,530208833,6207852,Ticket de Venta,5707753,66461671,95.76,1993.27,En proceso
137202,2022-10-15,271200681,1962669,Factura,7217133,47462375,31.53,91031.25,Completada
690163,2021-11-12,761930126,9151969,Factura,5033968,36913130,3.73,33150.19,En proceso
190452,2017-09-21,537435447,5746655,Boleta de Venta,1325044,60456941,96.49,97689.71,Pendiente
262134,2015-12-25,982148328,9284439,Ticket de Venta,4442101,29448174,6.93,45082.46,Completada
137207,2020-07-05,727816862,6955465,Factura,1519606,56782835,7.96,90261.18,Pendiente
710648,2017-04-06,949010012,5114369,Recibo,4739063,61929460,59.32,29930.0,Completada
561145,2017-06-07,335101958,8942793,Nota de Crédito,1679352,23263222,58.7,81047.84,Pendiente
348156,2022-12-29,204835062,6392618,Ticket de Venta,4716533,33054715,2.35,22518.77,Pendiente
612350,2018-12-15,934774039,6207968,Nota de Crédito,4452342,81774590,14.5,96906.83,Cancelada
307199,2015-03-11,754535028,5415346,Nota de Débito,6481917,80709631,9.83,34689.29,Reembolsada
